5,0
5,0
5,0.011111
5,0
5,0.011111
5,0
5,0.022222
5,0.1
5,0.022222
5,0.011111
5,0.011111
5,0
5,0.011111
5,0.011111
6,0
6,0
6,0
6,0
6,0
8,0
10,0
10,0
10,0.011111
10,0
10,0.011111
10,0
10,0.011111
10,0.066667
10,0
11,0
11,0
11,0.011111
12,0
13,0
13,0
13,0.022222
13,0
13,0.011111
13,0
13,0
13,0.144444
13,0
13,0.022222
13,0.011111
13,0
13,0.022222
13,0.011111
13,0
13,0.033333
13,0.011111
13,0
13,0.011111
13,0.011111
13,0
13,0
13,0
13,0
13,0
13,0.033333
13,0
13,0
13,0
13,0
13,0.011111
13,0
13,0.022222
13,0
13,0
13,0
13,0.011111
13,0
15,0
15,0
15,0.011111
15,0
15,0.022222
15,0
15,0.033333
15,0.055556
15,0
15,0.011111
15,0
17,0
17,0
17,0
17,0
22,0
22,0
22,0
24,0
24,0
24,0.022222
25,0
26,0
26,0
26,0
27,0
28,0
28,0
29,0
29,0
29,0
29,0
29,0
30,0
32,0
32,0
32,0.011111
32,0
33,0
34,0
34,0
34,0.022222
35,0
36,0
36,0
36,0.011111
37,0
37,0
38,0
38,0
38,0.022222
38,0
38,0.011111
40,0
40,0
40,0.022222
41,0
41,0
41,0.044444
41,0
41,0.011111
41,0
41,0
41,0.1
41,0
41,0.022222
41,0.022222
41,0
41,0.022222
41,0
41,0
41,0.011111
41,0.022222
41,0
41,0.011111
41,0.022222
41,0
42,0
44,0
44,0
44,0.011111
44,0
44,0.022222
44,0
44,0.022222
44,0.066667
44,0
44,0.033333
44,0
44,0
44,0
44,0
44,0
44,0.011111
44,0
44,0
44,0
44,0
44,0
44,0
44,0
44,0
44,0
44,0
44,0
44,0
44,0.011111
44,0
44,0.011111
44,0
44,0
44,0
44,0
44,0
44,0.011111
44,0
44,0
44,0
44,0.011111
44,0
44,0
44,0
44,0
44,0.033333
44,0
44,0
44,0
44,0
44,0
44,0.133333
44,0.044444
44,0.077778
44,0.022222
44,0.111111
44,0.111111
44,0.022222
44,0.077778
44,0.088889
44,0
44,0.011111
44,0
44,0.044444
44,0.055556
44,0.122222
44,0.033333
48,0
48,0
48,0
48,0
48,0
48,0
48,0
48,0.033333
48,0.011111
48,0
48,0
48,0
48,0.011111
48,0
48,0
48,0.011111
48,0.011111
48,0
48,0
48,0.011111
48,0
48,0
48,0
48,0
48,0
48,0.011111
48,0
48,0.011111
48,0
48,0
48,0
49,0
50,0
50,0
50,0
50,0
50,0.022222
50,0
50,0.011111
50,0.044444
50,0
50,0.022222
50,0
50,0
50,0
50,0
50,0
50,0
50,0
50,0
50,0.011111
50,0
50,0
50,0
50,0
51,0
51,0
54,0
56,0
56,0
56,0.011111
56,0
58,0
58,0
59,0
59,0
59,0
59,0
59,0.022222
59,0
59,0.011111
59,0.055556
59,0
59,0.011111
59,0
59,0
60,0
60,0
60,0
60,0
60,0.022222
60,0
60,0.022222
60,0.044444
60,0
60,0.022222
61,0
62,0
62,0
62,0.022222
62,0
62,0.011111
62,0
62,0.022222
62,0.055556
62,0.022222
63,0
63,0
63,0.022222
63,0
63,0.011111
63,0
63,0.022222
63,0.1
63,0.022222
63,0.033333
63,0.011111
63,0
64,0
64,0
64,0.011111
64,0
64,0
64,0
64,0
64,0.044444
64,0.011111
64,0.011111
64,0
64,0
64,0
64,0
64,0
64,0.033333
64,0
64,0
64,0
64,0
64,0
64,0
64,0
64,0
64,0
64,0.011111
64,0
64,0
64,0.011111
64,0
64,0
64,0
64,0
64,0
64,0
64,0
64,0
64,0
64,0
64,0
64,0
64,0
64,0
64,0
64,0
64,0.033333
64,0
64,0.011111
64,0
64,0
64,0
64,0.077778
64,0.033333
64,0.066667
64,0.033333
65,0
66,0
66,0
66,0
66,0
67,0
67,0
67,0.022222
67,0
67,0.011111
67,0
67,0
67,0.033333
67,0.022222
67,0.011111
67,0.022222
67,0
71,0
71,0
71,0
72,0
74,0
74,0
74,0.022222
74,0
74,0
74,0
74,0.011111
74,0.1
74,0
74,0.022222
74,0.011111
74,0
74,0.011111
74,0.011111
74,0
74,0.022222
74,0.011111
74,0
76,0
79,0
79,0
79,0
79,0
85,0
85,0
85,0.022222
85,0
85,0.011111
85,0
85,0
85,0.022222
86,0
88,0
88,0
88,0
88,0
91,0
91,0
91,0.011111
91,0
91,0.022222
91,0
91,0.022222
91,0.055556
91,0
91,0.022222
91,0
91,0
91,0
91,0
91,0
91,0
91,0
91,0
91,0.011111
91,0
91,0
91,0
91,0
91,0
91,0
91,0.011111
91,0
91,0
91,0.022222
91,0
91,0.011111
91,0
91,0.011111
91,0
91,0
91,0
91,0.011111
91,0
91,0
91,0
91,0.022222
91,0
91,0
91,0
91,0
91,0.022222
91,0
91,0
91,0
91,0
91,0
91,0.077778
91,0.033333
96,0
97,0
97,0
97,0.011111
97,0
98,0
98,0
98,0
99,0
100,0
100,0
100,0
102,0
102,0
102,0.011111
102,0
102,0.011111
102,0
103,0
103,0
103,0.022222
103,0
103,0.011111
103,0
103,0.022222
103,0.077778
103,0.022222
103,0.044444
103,0.011111
103,0
105,0
105,0
105,0
105,0
105,0
105,0
105,0
105,0.033333
105,0
105,0
105,0
105,0
105,0
105,0
105,0
105,0.011111
105,0
105,0
105,0
105,0.011111
105,0
105,0
105,0
105,0
105,0
105,0.011111
105,0
105,0.011111
105,0
105,0
105,0
105,0
105,0.011111
110,0
110,0
110,0
110,0
110,0.011111
110,0
110,0
111,0
112,0
112,0
112,0.011111
112,0
112,0.011111
112,0
112,0.011111
112,0.044444
112,0.011111
112,0.022222
112,0
115,0
118,0
118,0
118,0.044444
118,0
118,0
118,0
118,0
118,0.111111
118,0
118,0.022222
118,0.033333
118,0
118,0.022222
118,0.011111
118,0
118,0.011111
118,0
118,0
118,0.011111
118,0.011111
118,0
118,0
118,0
118,0
118,0
118,0.011111
118,0
118,0.011111
118,0.011111
118,0
118,0.011111
118,0
118,0.011111
118,0
118,0
119,0
119,0
120,0
120,0
120,0.011111
120,0
120,0
121,0
121,0
125,0
125,0
125,0.033333
125,0
125,0.022222
125,0
125,0.011111
125,0.133333
125,0.011111
125,0.022222
125,0.011111
125,0
125,0.022222
125,0.011111
125,0
125,0.033333
125,0.033333
125,0
125,0.022222
125,0.022222
127,0
127,0
127,0
130,0
134,0
134,0
134,0
134,0
134,0.022222
134,0
134,0.011111
134,0.044444
134,0
134,0.011111
134,0
134,0
136,0
136,0
137,0
137,0
137,0.011111
138,0
138,0
140,0
141,0
141,0
141,0.022222
141,0
141,0.011111
141,0
141,0.011111
144,0
144,0
144,0
144,0
144,0.022222
145,0
148,0
148,0
148,0
148,0
148,0.011111
148,0
148,0.011111
148,0.011111
148,0.011111
150,0
150,0
150,0.022222
150,0
150,0.011111
150,0
150,0.011111
150,0.133333
150,0
150,0.022222
150,0.011111
150,0
150,0.022222
150,0.011111
150,0
150,0.033333
150,0.022222
150,0
150,0.011111
150,0.022222
150,0
150,0
150,0
150,0
150,0
150,0.022222
150,0
150,0
150,0
150,0
150,0.022222
150,0
150,0.022222
150,0
150,0
150,0
150,0.022222
150,0
150,0
150,0
151,0
153,0
153,0
153,0
153,0
153,0.022222
153,0
153,0.011111
153,0.055556
154,0
154,0
154,0.011111
154,0
154,0
154,0
154,0
154,0.022222
155,0
155,0
155,0.011111
156,0
156,0
156,0.022222
156,0
156,0.011111
157,0
157,0
158,0
158,0
160,0
160,0
160,0.022222
160,0
160,0.011111
160,0
160,0
160,0.133333
160,0
160,0.022222
160,0.011111
160,0
160,0.033333
160,0.011111
160,0
160,0.022222
160,0.022222
160,0
160,0.011111
160,0.022222
160,0
160,0
160,0
160,0
160,0
160,0.033333
160,0
160,0
160,0
160,0
160,0.011111
160,0
162,0
162,0
162,0.033333
162,0
162,0.011111
162,0
162,0
164,0
164,0
164,0
164,0
165,0
165,0
169,0
169,0
171,0
171,0
171,0.011111
171,0
171,0.011111
171,0
171,0.011111
171,0.111111
171,0.011111
171,0.022222
171,0.011111
171,0
171,0.011111
171,0.011111
171,0
172,0
172,0
172,0.022222
172,0
172,0.011111
172,0
172,0.022222
172,0.111111
172,0.011111
172,0.022222
172,0.011111
173,0
173,0
173,0.022222
174,0
174,0
175,0
176,0
176,0
176,0
176,0
177,0
177,0
177,0.011111
178,0
178,0
178,0.022222
178,0
178,0.033333
178,0
178,0.033333
178,0.088889
178,0.022222
178,0.033333
178,0.011111
178,0
178,0.011111
178,0.011111
178,0
178,0.022222
178,0.022222
178,0
178,0.011111
178,0.011111
178,0
179,0
179,0
179,0
182,0
185,0
185,0
185,0.022222
185,0
185,0
187,0
188,0
188,0
190,0
190,0
190,0
191,0
191,0
191,0.044444
191,0
191,0
191,0
191,0
191,0.1
191,0.011111
191,0.022222
191,0.033333
193,0
197,0
197,0
197,0
197,0
197,0
197,0
197,0
197,0.044444
197,0.011111
197,0
197,0
197,0
199,0
199,0
201,0
203,0
203,0
204,0
204,0
204,0.033333
204,0
204,0.011111
204,0
204,0
204,0.077778
206,0
206,0
206,0.022222
206,0
206,0.011111
206,0
206,0
206,0.144444
206,0
206,0.022222
209,0
209,0
210,0
210,0
211,0
211,0
211,0.011111
211,0
211,0
211,0
211,0.011111
211,0.011111
211,0.011111
211,0
212,0
212,0
212,0
212,0
212,0
215,0
215,0
218,0
218,0
218,0.011111
218,0
218,0.022222
218,0
218,0.011111
218,0.055556
218,0.011111
218,0.022222
218,0.022222
218,0
218,0
218,0
218,0
218,0
218,0.011111
218,0
218,0.011111
218,0
218,0
218,0
218,0
218,0
218,0
218,0.011111
225,0
225,0
225,0
225,0
225,0
225,0
225,0
225,0.044444
225,0.022222
225,0.022222
225,0.011111
225,0
225,0.011111
225,0.022222
225,0
225,0.022222
225,0.011111
225,0
225,0.022222
225,0
225,0
225,0
225,0
225,0
225,0
225,0.011111
225,0
225,0.022222
225,0
225,0
225,0.011111
225,0
225,0.011111
225,0
225,0
225,0
225,0.011111
225,0
225,0
225,0
225,0.033333
225,0
225,0
225,0
225,0
225,0.033333
225,0
225,0
225,0
225,0
225,0
225,0.1
225,0.022222
226,0
226,0
226,0.011111
226,0
226,0
226,0
226,0
226,0.044444
226,0.022222
226,0
226,0.011111
226,0
226,0.011111
226,0
226,0
226,0
226,0
226,0
226,0
226,0
226,0
226,0
226,0
226,0
226,0
226,0.011111
226,0
226,0.011111
226,0
226,0
226,0
226,0
226,0
226,0
226,0
226,0
226,0
226,0
226,0
226,0
228,0
228,0
228,0.011111
228,0
228,0.022222
229,0
229,0
229,0.022222
229,0
229,0.011111
229,0
229,0
229,0.144444
229,0
229,0.022222
229,0.011111
229,0
229,0.022222
229,0.011111
229,0
229,0.033333
229,0.022222
230,0
230,0
230,0.022222
230,0
230,0.022222
230,0
230,0.033333
230,0.066667
230,0.011111
230,0.011111
230,0.011111
230,0
230,0.011111
230,0.011111
230,0
230,0.022222
230,0.022222
230,0
230,0.011111
230,0.011111
230,0
230,0
230,0
230,0
230,0
230,0.011111
230,0
230,0
230,0
230,0
230,0.011111
230,0
230,0.022222
230,0
230,0
230,0
230,0
230,0
230,0
230,0
230,0.011111
230,0
230,0
230,0
230,0.011111
230,0.033333
230,0
234,0
236,0
236,0
236,0.022222
236,0
237,0
237,0
237,0.011111
237,0
237,0.011111
237,0
237,0.033333
237,0.088889
237,0.011111
237,0.011111
237,0.011111
237,0
237,0.011111
237,0.011111
237,0
237,0
237,0.022222
237,0
237,0.011111
237,0.011111
237,0
237,0
237,0
237,0
237,0
237,0.022222
237,0
237,0
237,0.011111
237,0
237,0.022222
237,0
237,0.022222
237,0
237,0
237,0
237,0
237,0
237,0
237,0
237,0.022222
237,0
237,0
237,0
237,0.011111
237,0.011111
237,0
237,0.011111
237,0
237,0
237,0
237,0.033333
237,0.022222
237,0.044444
237,0.022222
237,0.133333
237,0.055556
237,0
237,0.033333
237,0.044444
237,0
237,0
238,0
238,0
241,0
241,0
241,0.011111
241,0
242,0
242,0
242,0.011111
244,0
244,0
244,0.011111
244,0
244,0
244,0
244,0
245,0
249,0
249,0
250,0
250,0
250,0.011111
250,0
250,0.011111
250,0
250,0.011111
250,0.033333
250,0.011111
250,0.022222
250,0.011111
250,0
250,0
250,0
251,0
251,0
253,0
253,0
253,0.011111
256,0
256,0
259,0
261,0
262,0
262,0
263,0
264,0
264,0
265,0
265,0
265,0.011111
265,0
265,0
265,0
265,0
265,0.1
265,0
265,0.022222
265,0.011111
265,0
265,0.011111
265,0.011111
265,0
265,0.033333
265,0.011111
265,0
265,0
265,0.022222
265,0
265,0
265,0
265,0
265,0
265,0.011111
265,0
265,0
265,0.011111
265,0
265,0.011111
265,0
265,0.022222
265,0
265,0
265,0
265,0.022222
265,0
265,0
265,0
265,0.011111
265,0
265,0
265,0
265,0.011111
265,0.011111
265,0
265,0.011111
265,0
265,0
265,0
265,0.1
265,0.055556
265,0.088889
265,0.066667
265,0.033333
265,0.077778
265,0.044444
265,0.111111
265,0.088889
265,0
266,0
266,0
267,0
268,0
268,0
268,0.011111
268,0
269,0
274,0
274,0
274,0
275,0
275,0
275,0
279,0
281,0
283,0
283,0
283,0
283,0
283,0.011111
283,0
283,0.011111
283,0.044444
283,0.011111
283,0.022222
283,0.011111
283,0
283,0.011111
283,0.022222
283,0
283,0.022222
283,0.011111
283,0
283,0.022222
284,0
284,0
284,0
284,0
284,0
284,0
284,0
284,0.033333
284,0
284,0.022222
286,0
290,0
290,0
290,0.011111
290,0
291,0
291,0
291,0
291,0
293,0
294,0
296,0
296,0
296,0.011111
296,0
298,0
298,0
298,0.011111
298,0
298,0.011111
298,0
298,0.022222
298,0.088889
298,0.011111
298,0.022222
298,0.011111
298,0
298,0.022222
298,0.011111
298,0
298,0.011111
298,0.022222
298,0
298,0.011111
298,0.022222
298,0
298,0
298,0
298,0
299,0
299,0
299,0.011111
299,0
300,0
300,0
300,0.044444
300,0
300,0
300,0
300,0
300,0.088889
302,0
303,0
308,0
308,0
308,0
308,0
308,0
309,0
309,0
309,0.011111
313,0
314,0
314,0
314,0.022222
314,0
314,0.011111
314,0
314,0
314,0.111111
315,0
317,0
317,0
318,0
318,0
318,0.022222
318,0
318,0.011111
318,0
318,0
318,0.011111
318,0.022222
318,0.022222
318,0.033333
318,0
318,0.011111
319,0
321,0
321,0
321,0
321,0
321,0.011111
321,0
321,0.011111
321,0.044444
321,0.011111
321,0.033333
321,0.011111
321,0
321,0.011111
321,0.022222
321,0
321,0.022222
321,0.011111
321,0
321,0.022222
321,0.022222
321,0
321,0
321,0
321,0
321,0
321,0
321,0
321,0.022222
321,0
321,0
321,0.022222
321,0
321,0.033333
321,0
321,0
322,0
322,0
327,0
327,0
327,0
327,0
329,0
330,0
335,0
336,0
337,0
337,0
337,0.022222
337,0
337,0.011111
337,0
337,0.022222
337,0.155556
337,0
337,0.022222
337,0.011111
339,0
340,0
340,0
341,0
341,0
341,0
341,0
341,0
341,0
341,0
341,0.022222
341,0.011111
343,0
344,0
344,0
346,0
347,0
348,0
350,0
350,0
352,0
352,0
352,0.011111
353,0
355,0
355,0
356,0
358,0
358,0
358,0.022222
358,0
358,0.011111
358,0
358,0
358,0.055556
358,0.011111
358,0.033333
358,0.011111
358,0
358,0
358,0
358,0
358,0
358,0.022222
358,0
358,0.011111
358,0
358,0
358,0
358,0
358,0
358,0
358,0.011111
358,0
358,0
358,0
358,0
359,0
359,0
359,0.011111
359,0
360,0
360,0
360,0
360,0
360,0
362,0
365,0
365,0
365,0.033333
365,0
365,0
365,0
365,0
365,0.088889
365,0.011111
365,0.011111
365,0.011111
365,0
365,0
365,0
365,0
365,0.011111
365,0
365,0
365,0.011111
365,0
365,0
365,0
365,0
365,0
365,0
365,0.022222
365,0
365,0.011111
365,0.022222
365,0
365,0
369,0
370,0
371,0
371,0
371,0.033333
371,0
371,0.022222
371,0
371,0.011111
371,0.144444
371,0.011111
371,0.033333
371,0.022222
371,0
371,0.022222
371,0.022222
371,0
371,0.033333
371,0.033333
371,0
371,0.022222
371,0.022222
371,0
371,0
371,0
371,0
371,0
371,0.022222
371,0
371,0
371,0
371,0
371,0.011111
371,0
371,0.033333
371,0
371,0
371,0
373,0
373,0
373,0.011111
373,0
373,0
373,0
373,0
375,0
377,0
378,0
378,0
378,0.011111
378,0
378,0.011111
378,0
379,0
379,0
381,0
381,0
381,0.022222
381,0
386,0
386,0
388,0
388,0
388,0.033333
388,0
388,0.011111
388,0
388,0.011111
388,0.055556
388,0.022222
388,0.044444
388,0.011111
388,0
388,0.011111
388,0.011111
388,0
388,0.033333
388,0.022222
388,0
388,0.022222
388,0.022222
388,0
388,0
388,0
388,0
388,0
388,0.011111
388,0
388,0
388,0.011111
388,0
389,0
389,0
389,0.022222
389,0
389,0
389,0
389,0.011111
389,0.122222
389,0.011111
389,0.022222
389,0.011111
389,0
389,0
389,0.011111
389,0
389,0.022222
389,0.011111
389,0
389,0.011111
389,0.022222
389,0
389,0
389,0
389,0
389,0
389,0.033333
389,0
389,0
389,0
389,0
389,0.022222
389,0
389,0.022222
389,0
389,0
389,0
389,0.022222
389,0
389,0
389,0
389,0.011111
389,0
391,0
391,0
392,0
392,0
393,0
393,0
393,0
393,0
393,0
393,0
393,0
393,0.033333
393,0.011111
393,0.022222
393,0
393,0
393,0
393,0
393,0
393,0.022222
393,0
393,0
393,0
394,0
394,0
394,0.022222
394,0
394,0
394,0
394,0
394,0.044444
394,0.011111
396,0
396,0
397,0
397,0
397,0.011111
397,0
397,0.011111
397,0
397,0.022222
397,0.1
397,0.011111
397,0.022222
397,0.011111
397,0
397,0.011111
397,0.011111
397,0
397,0.011111
397,0.022222
397,0
397,0.011111
397,0.022222
399,0
399,0
400,0
400,0
400,0.011111
404,0
404,0
404,0
404,0
405,0
406,0
406,0
406,0.011111
406,0
406,0.022222
406,0
406,0.033333
406,0.088889
406,0.011111
406,0.011111
406,0.011111
406,0
407,0
407,0
407,0
407,0
407,0
407,0
407,0
407,0.044444
407,0.011111
407,0.011111
407,0.011111
407,0
407,0.011111
407,0.011111
407,0
407,0.011111
408,0
409,0
409,0
409,0.011111
409,0
409,0.022222
409,0
409,0.033333
409,0.088889
412,0
415,0
416,0
418,0
418,0
418,0.011111
418,0
418,0
418,0
418,0
418,0.022222
419,0
419,0
419,0.011111
422,0
422,0
422,0
422,0
422,0.022222
422,0
422,0.044444
422,0.055556
424,0
424,0
424,0.022222
424,0
424,0.011111
424,0
424,0
424,0.133333
424,0
424,0.022222
424,0.011111
424,0
424,0.022222
424,0.011111
424,0
429,0
429,0
431,0
431,0
431,0.011111
431,0
431,0
431,0
431,0
431,0.033333
431,0
431,0.022222
431,0.022222
432,0
432,0
432,0
432,0
432,0
432,0
432,0
432,0.011111
434,0
434,0
434,0.022222
435,0
436,0
436,0
437,0
437,0
437,0.011111
437,0
437,0
437,0
437,0
437,0.022222
437,0
437,0
437,0
440,0
440,0
440,0.022222
440,0
440,0.033333
440,0
440,0.044444
440,0.077778
440,0.011111
440,0.022222
440,0.011111
440,0
440,0.011111
440,0.011111
440,0
440,0.011111
440,0.022222
440,0
440,0.011111
440,0.011111
440,0
440,0
440,0
441,0
441,0
441,0.011111
441,0
441,0
447,0
448,0
448,0
448,0.022222
448,0
448,0
448,0
448,0
448,0.044444
448,0.022222
448,0.011111
448,0.022222
448,0
448,0
448,0
448,0
448,0.011111
448,0
448,0
448,0
448,0
451,0
451,0
454,0
455,0
455,0
455,0.011111
455,0
455,0
455,0
455,0
455,0.011111
455,0.011111
455,0.022222
455,0.033333
455,0
455,0.022222
455,0.022222
455,0
455,0.044444
455,0
456,0
456,0
456,0
456,0
456,0.011111
456,0
456,0.011111
456,0.044444
456,0.022222
456,0.011111
457,0
457,0
458,0
459,0
459,0
460,0
460,0
460,0.011111
460,0
460,0
460,0
461,0
461,0
461,0
461,0
462,0
463,0
463,0
465,0
466,0
469,0
471,0
471,0
471,0.011111
471,0
471,0.022222
471,0
471,0.033333
471,0.077778
471,0.011111
471,0.011111
471,0.011111
471,0
471,0.011111
471,0.011111
471,0
471,0
471,0.022222
471,0
471,0.011111
471,0.011111
471,0
471,0
473,0
474,0
474,0
475,0
475,0
475,0
475,0
475,0.011111
475,0
475,0.011111
475,0.033333
478,0
478,0
478,0
480,0
480,0
481,0
481,0
481,0.011111
481,0
481,0.011111
481,0
481,0
481,0.044444
481,0.011111
481,0.022222
481,0.022222
481,0
481,0
481,0
489,0
489,0
489,0.022222
489,0
489,0.011111
489,0
489,0.033333
489,0.066667
489,0.022222
489,0.011111
489,0.011111
489,0
489,0.011111
489,0.011111
489,0
489,0.022222
489,0.022222
489,0
489,0.011111
489,0.011111
489,0
489,0
489,0
489,0
489,0
489,0.022222
491,0
491,0
491,0
491,0
491,0.022222
491,0
491,0.022222
491,0.066667
491,0
491,0.011111
491,0
491,0
491,0
491,0
491,0
491,0
492,0
492,0
493,0
493,0
493,0.022222
493,0
493,0.011111
493,0
493,0.011111
493,0.077778
493,0.022222
493,0.033333
493,0.011111
493,0
493,0.011111
493,0.011111
493,0
493,0.033333
495,0
495,0
495,0
495,0
497,0
499,0
500,0
500,0
500,0
500,0
503,0
504,0
508,0
508,0
508,0.011111
508,0
508,0.011111
508,0
508,0.022222
508,0.111111
508,0.011111
508,0.022222
508,0.011111
508,0
508,0.022222
508,0.011111
508,0
508,0.033333
508,0.022222
508,0
508,0.011111
508,0.022222
508,0
508,0
508,0
508,0
508,0
508,0.022222
508,0
508,0
508,0
508,0
508,0.022222
508,0
508,0.033333
508,0
508,0
508,0
508,0.011111
508,0
512,0
512,0
512,0.033333
512,0
512,0.022222
512,0
514,0
514,0
514,0.022222
514,0
514,0
514,0
515,0
516,0
516,0
516,0.011111
516,0
517,0
517,0
517,0
518,0
518,0
518,0.011111
520,0
520,0
521,0
522,0
522,0
530,0
530,0
530,0
530,0
530,0
530,0
530,0.011111
530,0.033333
530,0
530,0.022222
530,0.011111
530,0
530,0
530,0
530,0
531,0
531,0
531,0.011111
531,0
531,0.022222
531,0
531,0.033333
531,0.044444
531,0
531,0.011111
531,0
531,0
531,0.011111
531,0
531,0
531,0
531,0.011111
531,0
531,0
531,0
531,0
531,0
531,0
531,0
531,0
531,0.022222
531,0
531,0
531,0.022222
531,0
531,0.011111
531,0
531,0
531,0
531,0
531,0
531,0.011111
534,0
536,0
537,0
539,0
540,0
540,0
540,0.011111
542,0
542,0
542,0.022222
542,0
542,0.011111
542,0
542,0.022222
542,0.055556
542,0.022222
542,0.011111
542,0.011111
542,0
542,0.011111
542,0.011111
542,0
542,0.022222
542,0.022222
542,0
542,0.011111
542,0.011111
542,0
542,0
542,0
542,0
542,0
542,0.022222
542,0
542,0
542,0
542,0
542,0
542,0
542,0.022222
542,0
542,0
542,0
542,0
542,0
542,0
542,0
542,0.011111
542,0
542,0
542,0
542,0.011111
542,0.044444
542,0
542,0
542,0
542,0
542,0
542,0.066667
544,0
544,0
544,0.011111
544,0
544,0.022222
544,0
544,0.022222
544,0.066667
545,0
545,0
545,0.011111
545,0
545,0.022222
545,0
545,0.022222
545,0.122222
545,0.011111
545,0.022222
545,0.011111
545,0
545,0.011111
545,0.011111
545,0
545,0.022222
545,0.033333
545,0
545,0.011111
545,0.022222
545,0
545,0
545,0
545,0
545,0
545,0.022222
545,0
545,0
545,0
545,0
545,0.011111
545,0
545,0.033333
545,0
545,0
545,0
545,0.022222
545,0
545,0
545,0
545,0.011111
545,0
545,0
545,0
545,0.011111
545,0.022222
545,0
545,0
545,0
545,0
545,0
546,0
546,0
546,0.011111
546,0
546,0.022222
546,0
546,0.033333
546,0.077778
546,0.011111
546,0.011111
546,0.011111
546,0
546,0.011111
546,0.011111
546,0
546,0
546,0.022222
546,0
546,0.011111
546,0.011111
546,0
546,0
546,0
546,0
546,0
546,0.022222
546,0
546,0
546,0.022222
546,0
546,0.011111
546,0
546,0.022222
546,0
546,0
546,0
546,0
546,0
546,0
546,0
546,0.011111
546,0
546,0
546,0
546,0.011111
546,0.022222
546,0
546,0.011111
546,0
546,0
546,0
546,0.033333
546,0.011111
546,0.077778
546,0
546,0.111111
546,0.055556
546,0.011111
546,0.022222
546,0.022222
546,0
546,0
547,0
547,0
547,0.011111
547,0
547,0.011111
547,0
547,0.011111
547,0.011111
547,0.011111
547,0.022222
547,0.011111
547,0
547,0.011111
547,0.022222
547,0
547,0.033333
547,0
547,0
547,0
547,0.022222
547,0
547,0
547,0
547,0
547,0
547,0
547,0
547,0
547,0
547,0
547,0.011111
547,0
547,0.011111
547,0
547,0
547,0
547,0.011111
547,0
547,0
547,0
547,0.011111
547,0
547,0
547,0
547,0.011111
547,0.044444
547,0
547,0
547,0
547,0
547,0
547,0.011111
547,0.011111
547,0.011111
547,0
547,0.055556
547,0.022222
547,0
547,0.011111
547,0.022222
547,0
547,0
547,0
547,0.011111
547,0.022222
547,0.077778
549,0
549,0
549,0.011111
549,0
552,0
552,0
552,0.044444
552,0
552,0
552,0
554,0
557,0
557,0
558,0
558,0
558,0.022222
558,0
561,0
563,0
563,0
563,0
563,0
563,0.011111
564,0
564,0
564,0.011111
564,0
564,0
564,0
564,0
564,0.011111
564,0.011111
564,0.011111
566,0
566,0
566,0.011111
566,0
566,0
566,0
566,0
566,0.044444
566,0.011111
567,0
567,0
568,0
568,0
568,0.011111
568,0
568,0
568,0
568,0
568,0.044444
568,0.011111
568,0.022222
568,0
568,0
568,0
568,0
568,0
568,0.033333
568,0
568,0
568,0
568,0
570,0
570,0
572,0
572,0
575,0
576,0
576,0
576,0.011111
579,0
579,0
579,0.011111
579,0
579,0.011111
579,0
579,0
580,0
580,0
580,0.011111
580,0
580,0
581,0
581,0
581,0.011111
581,0
581,0.022222
581,0
581,0.022222
581,0.044444
581,0
581,0.022222
581,0
581,0
582,0
583,0
583,0
583,0.022222
583,0
583,0.033333
583,0
583,0.033333
584,0
584,0
584,0.022222
584,0
584,0
585,0
586,0
587,0
590,0
590,0
594,0
596,0
596,0
596,0.022222
596,0
596,0.011111
596,0
596,0
596,0.022222
596,0.011111
597,0
597,0
597,0
597,0
597,0
597,0
597,0
602,0
602,0
602,0.033333
602,0
602,0
605,0
605,0
605,0.033333
605,0
605,0.011111
605,0
605,0.011111
605,0.144444
605,0.011111
605,0.022222
605,0.011111
605,0
605,0.011111
605,0.011111
605,0
605,0.044444
605,0.022222
605,0
605,0.022222
605,0.022222
605,0
605,0
605,0
605,0
605,0
605,0.022222
605,0
605,0
605,0
606,0
606,0
606,0
607,0
607,0
607,0.011111
607,0
609,0
609,0
609,0
609,0
609,0
609,0
609,0
609,0.033333
609,0.011111
609,0.011111
609,0
609,0
609,0
609,0
609,0
609,0.022222
609,0.011111
609,0
609,0
609,0
609,0
609,0
609,0
609,0
609,0
609,0.011111
609,0
609,0
609,0.011111
609,0
609,0
609,0
609,0
609,0
609,0
610,0
610,0
610,0.011111
610,0
610,0.011111
613,0
615,0
615,0
615,0
615,0
617,0
617,0
617,0.011111
617,0
617,0
617,0
617,0
617,0.055556
617,0.022222
617,0.011111
617,0.011111
617,0
617,0
617,0
617,0
617,0.011111
617,0
617,0
617,0
617,0.011111
617,0
617,0
617,0
617,0
617,0
617,0.022222
617,0
617,0.022222
617,0.011111
617,0
617,0
617,0
617,0.011111
617,0
617,0
617,0
617,0.011111
617,0
618,0
620,0
621,0
622,0
625,0
625,0
625,0.044444
625,0
626,0
626,0
626,0.011111
626,0
626,0.011111
626,0
626,0.022222
626,0.122222
626,0.022222
626,0.022222
626,0.011111
628,0
628,0
629,0
630,0
632,0
633,0
634,0
634,0
634,0
635,0
638,0
639,0
642,0
644,0
644,0
644,0.044444
644,0
644,0
644,0
645,0
645,0
645,0.011111
646,0
646,0
646,0
646,0
646,0.011111
646,0
646,0.011111
646,0.044444
646,0
646,0.011111
646,0
646,0
646,0
646,0
646,0
646,0
646,0
646,0
646,0.011111
646,0
646,0
646,0
647,0
647,0
647,0.011111
647,0
647,0.011111
647,0
647,0.022222
648,0
648,0
648,0.022222
648,0
648,0.011111
648,0
650,0
651,0
651,0
651,0
652,0
655,0
655,0
655,0.011111
655,0
655,0
655,0
657,0
657,0
657,0.011111
657,0
657,0
657,0
657,0.011111
657,0.055556
657,0.011111
658,0
658,0
658,0
658,0
659,0
659,0
659,0
659,0
659,0.011111
660,0
660,0
660,0.033333
660,0
660,0.011111
660,0
660,0.022222
660,0.133333
661,0
661,0
661,0.011111
661,0
663,0
663,0
663,0
663,0
663,0
663,0
663,0
663,0.011111
668,0
671,0
671,0
671,0.011111
671,0
671,0
671,0
671,0
671,0
671,0.011111
671,0
671,0.011111
671,0
671,0
671,0
671,0
671,0
671,0
671,0
672,0
672,0
672,0.011111
673,0
674,0
676,0
677,0
679,0
680,0
681,0
682,0
682,0
682,0.011111
682,0
682,0
683,0
683,0
684,0
684,0
684,0
684,0
686,0
686,0
686,0.011111
686,0
686,0.011111
686,0
686,0.022222
686,0.111111
686,0.011111
686,0.022222
686,0.011111
686,0
686,0.011111
686,0.011111
686,0
686,0.022222
686,0.022222
686,0
686,0.011111
686,0.022222
686,0
686,0
686,0
686,0
686,0
686,0.022222
686,0
687,0
687,0
687,0
687,0
687,0.022222
687,0
687,0.022222
687,0.066667
687,0
690,0
691,0
691,0
691,0
692,0
692,0
692,0.022222
692,0
692,0.033333
692,0
693,0
693,0
693,0.011111
693,0
693,0
693,0
693,0.011111
693,0.055556
693,0.011111
693,0.033333
693,0
693,0
693,0
693,0
693,0
693,0
693,0.011111
693,0
693,0
693,0
693,0
693,0
693,0
695,0
695,0
695,0
695,0
695,0
695,0
695,0
695,0.033333
695,0.022222
695,0.022222
698,0
698,0
698,0
698,0
698,0.022222
698,0
698,0.033333
698,0.088889
698,0.011111
698,0.033333
698,0
698,0
698,0.011111
698,0
698,0
698,0.011111
698,0
698,0
698,0
698,0
698,0
698,0
698,0
698,0
698,0
698,0.011111
698,0
698,0
698,0.011111
698,0
698,0.011111
698,0
698,0
698,0
698,0
698,0
698,0.011111
698,0
698,0
699,0
699,0
699,0.011111
699,0
699,0.011111
699,0
699,0
700,0
700,0
700,0.011111
700,0
700,0.011111
700,0
700,0.033333
700,0.033333
700,0
700,0.011111
700,0
700,0
700,0.011111
700,0
700,0
700,0
700,0
700,0
700,0
700,0
700,0
700,0
700,0
700,0
700,0
700,0.011111
700,0
700,0
700,0.022222
700,0
700,0
700,0
700,0
700,0
700,0
700,0
700,0.011111
700,0
700,0
700,0
700,0.011111
700,0
700,0
700,0
700,0
700,0.011111
700,0
700,0
700,0
700,0
700,0
700,0.077778
700,0.033333
700,0.1
700,0.022222
700,0.055556
700,0.088889
700,0.033333
700,0.055556
700,0.055556
700,0
700,0.022222
700,0
700,0.066667
700,0.055556
700,0.122222
700,0.033333
700,0.1
700,0.011111
700,0.022222
700,0.066667
700,0.022222
700,0.122222
700,0.011111
700,0
700,0.033333
700,0.011111
700,0.033333
700,0
700,0.011111
700,0.044444
700,0.055556
700,0.022222
704,0
705,0
706,0
706,0
706,0.011111
706,0
706,0
706,0
707,0
707,0
707,0.011111
710,0
710,0
710,0.044444
710,0
710,0
710,0
710,0
710,0.122222
710,0
710,0.022222
710,0.033333
711,0
711,0
711,0.011111
713,0
713,0
714,0
715,0
715,0
715,0
715,0
715,0.011111
715,0
715,0.011111
715,0.044444
715,0.022222
715,0.022222
715,0.011111
715,0
716,0
716,0
716,0.022222
716,0
716,0.022222
716,0
716,0.011111
716,0.077778
716,0.022222
716,0.033333
716,0.011111
716,0
716,0
716,0.011111
716,0
716,0.022222
716,0.022222
716,0
716,0.011111
716,0.011111
716,0
718,0
719,0
720,0
721,0
721,0
721,0.033333
721,0
721,0
721,0
721,0
721,0.066667
722,0
723,0
724,0
726,0
726,0
726,0
726,0
729,0
729,0
729,0.011111
729,0
729,0
729,0
729,0
735,0
735,0
736,0
737,0
737,0
737,0
737,0
738,0
738,0
738,0.044444
738,0
738,0
738,0
738,0
738,0.066667
738,0
738,0.022222
738,0.033333
738,0
738,0.011111
738,0.011111
738,0
738,0.011111
738,0
738,0
738,0.011111
738,0.011111
738,0
738,0
738,0
738,0
738,0
738,0
738,0
738,0.011111
738,0.022222
738,0
742,0
742,0
742,0
744,0
744,0
744,0.011111
744,0
744,0.011111
744,0
744,0.022222
744,0.088889
744,0.011111
744,0.022222
744,0.011111
744,0
744,0.011111
744,0.011111
744,0
744,0.022222
744,0.022222
744,0
744,0.011111
744,0.022222
744,0
744,0
744,0
744,0
744,0
744,0.022222
744,0
744,0
744,0
744,0
744,0.011111
744,0
744,0.033333
744,0
744,0
744,0
744,0
745,0
745,0
745,0
748,0
748,0
748,0.011111
748,0
748,0
748,0
748,0
748,0.044444
748,0
748,0.022222
748,0
748,0
748,0
748,0
748,0
748,0.033333
748,0
748,0
748,0
748,0
748,0
748,0
748,0
748,0
748,0
748,0
748,0
748,0
748,0.011111
748,0
748,0
748,0
748,0
748,0
748,0
750,0
751,0
752,0
752,0
752,0
752,0
754,0
754,0
754,0.011111
754,0
754,0
754,0
754,0
754,0.066667
754,0.011111
754,0.022222
754,0
754,0
754,0
754,0
754,0
754,0.022222
754,0
754,0
754,0.011111
754,0
754,0
754,0
754,0
754,0
754,0
754,0.022222
754,0
754,0
754,0.011111
754,0
754,0
754,0
754,0
754,0
754,0
754,0
755,0
757,0
757,0
757,0.011111
757,0
757,0.011111
757,0
757,0
757,0.044444
757,0.011111
757,0.022222
757,0.011111
757,0
757,0
757,0
757,0
757,0
757,0.022222
757,0
757,0.011111
757,0
757,0
758,0
758,0
758,0
758,0
758,0
758,0
758,0
759,0
760,0
760,0
760,0
760,0
760,0
760,0
760,0.011111
760,0
760,0.011111
760,0
760,0
760,0
762,0
762,0
762,0.022222
762,0
762,0.011111
762,0
762,0
762,0.1
762,0
762,0.022222
762,0.011111
764,0
764,0
764,0.011111
765,0
765,0
766,0
766,0
766,0.011111
766,0
766,0.011111
766,0
766,0
770,0
772,0
773,0
773,0
777,0
779,0
779,0
780,0
780,0
780,0.022222
780,0
780,0
780,0
780,0
780,0.055556
780,0.011111
780,0.011111
780,0.011111
780,0
780,0
780,0
780,0
780,0.011111
780,0
780,0
780,0.011111
780,0
780,0
780,0
785,0
785,0
785,0.011111
785,0
785,0
785,0
785,0
786,0
786,0
786,0.011111
791,0
791,0
792,0
792,0
793,0
795,0
796,0
796,0
796,0
798,0
799,0
801,0
801,0
801,0
801,0
802,0
808,0
810,0
810,0
813,0
813,0
813,0.011111
813,0
813,0.011111
813,0
813,0
813,0.044444
813,0.011111
813,0.011111
813,0.011111
813,0
813,0.011111
813,0
813,0
813,0.011111
813,0.022222
813,0
813,0.011111
813,0
813,0
813,0
813,0
813,0
813,0
813,0.033333
813,0
814,0
814,0
814,0.033333
814,0
814,0
814,0
814,0
814,0.1
814,0
815,0
815,0
815,0.022222
815,0
815,0.011111
817,0
819,0
819,0
822,0
822,0
822,0.011111
822,0
822,0.011111
824,0
824,0
824,0.033333
824,0
824,0
824,0
824,0
825,0
825,0
825,0
825,0
829,0
829,0
829,0.011111
836,0
836,0
837,0
837,0
838,0
838,0
838,0.011111
838,0
838,0
838,0
838,0
838,0.044444
838,0.022222
838,0.011111
838,0.011111
838,0
838,0
838,0
838,0
838,0.011111
838,0
838,0
838,0
838,0
838,0
838,0
838,0
838,0
838,0
838,0.011111
840,0
844,0
844,0
846,0
846,0
847,0
848,0
848,0
848,0
848,0
848,0
848,0
848,0
848,0.033333
848,0.011111
848,0
848,0
849,0
849,0
849,0.011111
849,0
850,0
850,0
850,0.011111
850,0
850,0.011111
856,0
859,0
859,0
860,0
860,0
860,0.011111
860,0
860,0.011111
860,0
860,0.033333
860,0.077778
860,0.011111
860,0.011111
861,0
861,0
861,0.033333
861,0
861,0.011111
861,0
861,0.011111
861,0.055556
861,0.022222
861,0.044444
861,0.011111
861,0
863,0
863,0
863,0.011111
863,0
863,0
863,0
863,0
863,0.055556
863,0.011111
863,0.022222
863,0
865,0
866,0
870,0
870,0
870,0
871,0
872,0
877,0
877,0
877,0
878,0
885,0
887,0
888,0
889,0
889,0
889,0
889,0
889,0
889,0
889,0
889,0.022222
889,0
890,0
890,0
890,0.044444
891,0
891,0
892,0
894,0
896,0
896,0
897,0
899,0
901,0
905,0
905,0
905,0.011111
905,0
905,0
905,0
905,0
905,0.011111
905,0
905,0.011111
905,0.011111
905,0
905,0
905,0
905,0
905,0
905,0
905,0
905,0
905,0
905,0
905,0
905,0
905,0
905,0
905,0.011111
905,0
905,0
905,0
905,0
905,0.011111
905,0
905,0.011111
905,0
905,0
905,0
905,0
905,0
905,0
905,0
906,0
906,0
906,0.011111
906,0
906,0.022222
907,0
907,0
907,0.011111
907,0
908,0
908,0
909,0
909,0
910,0
910,0
910,0.022222
910,0
910,0.011111
910,0
911,0
912,0
913,0
913,0
913,0
913,0
913,0.011111
913,0
913,0.011111
913,0.044444
913,0.022222
915,0
915,0
915,0
915,0
915,0
916,0
917,0
917,0
917,0
917,0
917,0.022222
917,0
917,0.022222
917,0.044444
917,0
917,0.022222
917,0
918,0
918,0
918,0
918,0
918,0
920,0
920,0
920,0.011111
920,0
920,0.022222
920,0
920,0.044444
920,0.077778
920,0.011111
920,0.011111
920,0.011111
920,0
920,0.011111
920,0.011111
920,0
920,0.011111
920,0.022222
920,0
920,0.011111
920,0.011111
920,0
920,0
920,0
920,0
920,0
921,0
921,0
921,0
921,0
921,0.011111
921,0
922,0
922,0
922,0
922,0
922,0
922,0
922,0
922,0.033333
922,0.022222
922,0.022222
922,0
922,0
922,0
922,0
922,0
922,0.011111
922,0
922,0
922,0
922,0
922,0
922,0
923,0
923,0
923,0.011111
923,0
923,0
923,0
923,0
923,0.055556
923,0.022222
923,0.011111
923,0.011111
923,0
923,0
923,0
923,0
923,0.011111
923,0
923,0
923,0
923,0.011111
923,0
923,0
923,0
923,0
923,0
923,0.022222
923,0
923,0.022222
923,0.011111
923,0
923,0
923,0
923,0.011111
923,0
923,0
925,0
925,0
925,0
925,0
925,0
925,0
925,0
927,0
927,0
927,0.011111
927,0
927,0.011111
927,0
927,0.011111
927,0.011111
927,0.011111
927,0.011111
927,0.033333
927,0
927,0.022222
927,0.022222
927,0
927,0.044444
927,0
927,0
927,0
927,0.011111
927,0
927,0
927,0
927,0
927,0
927,0
927,0
927,0
927,0.011111
927,0
928,0
928,0
928,0.022222
928,0
928,0
928,0
928,0
928,0.088889
928,0.011111
928,0.022222
928,0
928,0
928,0
928,0
928,0
928,0.033333
928,0.011111
928,0
928,0.011111
928,0.011111
928,0
928,0
930,0
932,0
932,0
932,0
932,0
932,0
932,0
932,0
932,0
932,0
932,0
932,0.011111
932,0
934,0
934,0
934,0
934,0
934,0
934,0
934,0
936,0
936,0
936,0.022222
936,0
936,0.011111
936,0
936,0.011111
936,0.122222
936,0
936,0.033333
936,0.011111
936,0
936,0.033333
937,0
937,0
937,0
937,0
937,0.022222
937,0
937,0.033333
937,0.033333
937,0
937,0.022222
940,0
940,0
940,0.044444
940,0
940,0
940,0
940,0
940,0.066667
940,0.011111
940,0.022222
940,0.033333
940,0
940,0.011111
940,0.011111
940,0
940,0
940,0
940,0
940,0.011111
940,0.011111
940,0
940,0
940,0
940,0
940,0
941,0
941,0
941,0
941,0
941,0
941,0
941,0
941,0.011111
941,0
941,0
942,0
942,0
942,0
942,0
942,0.022222
942,0
944,0
944,0
949,0
949,0
951,0
951,0
951,0.011111
951,0
951,0
951,0
951,0.022222
953,0
954,0
954,0
954,0.022222
955,0
955,0
956,0
956,0
956,0.022222
959,0
961,0
961,0
965,0
965,0
965,0.022222
965,0
965,0
967,0
967,0
967,0.011111
969,0
969,0
969,0.011111
969,0
970,0
970,0
970,0
970,0
970,0
972,0
973,0
973,0
973,0.011111
973,0
973,0.011111
973,0
973,0.022222
977,0
978,0
979,0
979,0
979,0.022222
979,0
979,0
980,0
980,0
980,0.022222
980,0
980,0.011111
980,0
980,0
980,0.111111
980,0
980,0.022222
980,0.011111
980,0
980,0.022222
980,0.011111
980,0
980,0.022222
980,0.022222
980,0
980,0.011111
980,0.022222
980,0
980,0
980,0
980,0
980,0
980,0.033333
980,0
980,0
982,0
982,0
982,0.011111
982,0
982,0
982,0
982,0
982,0.022222
985,0
985,0
986,0
986,0
986,0
986,0
986,0
986,0
986,0
990,0
992,0
994,0
994,0
995,0
995,0
995,0.022222
995,0
995,0.033333
995,0
995,0.033333
995,0.066667
995,0.011111
995,0.022222
995,0.011111
995,0
995,0.011111
995,0.011111
995,0
995,0.011111
995,0.022222
995,0
995,0.011111
997,0
997,0
997,0.011111
997,0
997,0
997,0
997,0
997,0.011111
997,0.011111
998,0
998,0
998,0
998,0
998,0
998,0
998,0
998,0.011111
998,0.011111
998,0.011111
998,0.011111
1000,0
1002,0
1004,0
1004,0
1004,0.011111
1004,0
1004,0
1004,0
1004,0
1004,0.022222
1004,0
1004,0.011111
1004,0.022222
1004,0
1004,0.011111
1004,0.011111
1004,0
1004,0.011111
1004,0.011111
1004,0
1004,0.011111
1004,0.011111
1004,0
1004,0
1004,0
1004,0
1004,0
1004,0
1004,0
1005,0
1005,0
1005,0.011111
1005,0
1005,0
1005,0
1005,0
1005,0.022222
1005,0
1005,0
1005,0
1007,0
1007,0
1008,0
1008,0
1008,0.011111
1008,0
1008,0.011111
1008,0
1008,0
1008,0.055556
1008,0.011111
1008,0.022222
1008,0.011111
1008,0
1008,0
1008,0
1008,0
1008,0
1008,0.022222
1008,0
1008,0.011111
1008,0
1008,0
1008,0
1008,0
1008,0
1008,0
1008,0.011111
1008,0
1008,0
1008,0
1008,0
1008,0.022222
1008,0
1008,0
1008,0
1008,0
1008,0
1008,0.011111
1008,0
1008,0
1008,0
1008,0.022222
1008,0
1008,0
1008,0
1008,0.011111
1008,0.011111
1008,0
1008,0
1008,0
1008,0
1008,0
1008,0.1
1008,0.022222
1008,0.044444
1008,0
1008,0.088889
1008,0.077778
1008,0
1008,0.033333
1008,0.077778
1009,0
1009,0
1010,0
1010,0
1010,0.011111
1010,0
1010,0
1011,0
1011,0
1011,0
1013,0
1016,0
1017,0
1017,0
1020,0
1021,0
1021,0
1021,0.022222
1021,0
1022,0
1022,0
1022,0.022222
1022,0
1022,0
1022,0
1022,0
1022,0.077778
1022,0.011111
1022,0.033333
1022,0
1022,0
1022,0
1022,0
1022,0
1022,0.033333
1022,0.011111
1022,0
1022,0.011111
1022,0.011111
1022,0
1023,0
1024,0
1025,0
1026,0
1027,0
1027,0
1027,0.033333
1027,0
1027,0.011111
1027,0
1027,0
1027,0.1
1027,0.022222
1027,0.033333
1027,0.011111
1027,0
1027,0
1027,0.011111
1027,0
1027,0.033333
1027,0.022222
1027,0
1027,0.022222
1027,0.022222
1030,0
1030,0
1030,0
1030,0
1030,0
1030,0
1030,0
1030,0.033333
1030,0.011111
1030,0.022222
1030,0.011111
1030,0
1030,0.011111
1030,0.022222
1030,0
1030,0.022222
1030,0.022222
1030,0
1030,0.022222
1030,0.011111
1030,0
1030,0
1030,0
1030,0
1030,0
1030,0.011111
1030,0
1030,0.011111
1030,0
1030,0
1030,0.011111
1030,0
1030,0.022222
1030,0
1030,0
1030,0
1030,0.011111
1030,0
1030,0
1030,0
1030,0.044444
1030,0
1030,0
1030,0
1030,0
1030,0.022222
1031,0
1031,0
1031,0.044444
1031,0
1031,0
1031,0
1031,0
1031,0.1
1031,0.011111
1031,0.022222
1031,0.033333
1031,0
1031,0.011111
1031,0.011111
1031,0
1031,0
1031,0
1031,0
1033,0
1033,0
1033,0.011111
1033,0
1033,0
1033,0
1034,0
1037,0
1037,0
1039,0
1039,0
1039,0.011111
1039,0
1039,0
1039,0
1039,0
1039,0.033333
1039,0.011111
1039,0.011111
1039,0.011111
1039,0
1039,0.011111
1039,0.011111
1039,0
1039,0.022222
1041,0
1041,0
1042,0
1042,0
1047,0
1050,0
1050,0
1050,0
1050,0
1050,0.011111
1050,0
1050,0.011111
1051,0
1051,0
1051,0.022222
1051,0
1051,0
1051,0
1051,0
1051,0.077778
1052,0
1053,0
1053,0
1053,0
1053,0
1053,0.022222
1055,0
1055,0
1055,0.011111
1055,0
1056,0
1056,0
1059,0
1059,0
1061,0
1061,0
1061,0.011111
1061,0
1061,0.022222
1061,0
1061,0.022222
1061,0.055556
1061,0
1061,0.011111
1061,0
1061,0
1061,0
1061,0
1061,0
1061,0
1061,0
1061,0
1061,0
1061,0
1061,0
1061,0
1061,0
1061,0
1061,0
1061,0
1061,0
1061,0
1061,0.011111
1061,0
1062,0
1062,0
1063,0
1063,0
1064,0
1065,0
1065,0
1065,0.011111
1065,0
1071,0
1071,0
1074,0
1074,0
1075,0
1075,0
1075,0.022222
1075,0
1075,0.033333
1075,0
1075,0.033333
1075,0.088889
1075,0.011111
1076,0
1076,0
1079,0
1080,0
1080,0
1080,0
1080,0
1080,0.011111
1080,0
1080,0.011111
1080,0.044444
1080,0
1080,0.022222
1080,0.011111
1080,0
1080,0
1081,0
1081,0
1082,0
1083,0
1083,0
1083,0.011111
1083,0
1083,0.011111
1083,0
1083,0
1083,0.055556
1083,0.011111
1083,0.022222
1083,0.011111
1083,0
1085,0
1087,0
1087,0
1087,0.022222
1087,0
1087,0
1087,0
1087,0
1087,0.055556
1087,0.011111
1087,0.033333
1087,0
1087,0
1087,0
1087,0
1087,0
1087,0.033333
1087,0
1087,0
1087,0.011111
1087,0.011111
1087,0
1087,0
1087,0
1087,0
1087,0
1087,0.011111
1087,0
1087,0
1087,0.011111
1087,0
1087,0
1087,0
1087,0.011111
1087,0
1087,0
1087,0
1087,0
1087,0
1087,0
1087,0
1087,0.011111
1087,0
1087,0
1087,0
1087,0
1087,0.033333
1087,0
1087,0.011111
1087,0
1087,0
1087,0
1087,0.1
1087,0.033333
1087,0.044444
1087,0.044444
1087,0.066667
1087,0.077778
1087,0.044444
1087,0.088889
1089,0
1089,0
1089,0.022222
1089,0
1090,0
1090,0
1090,0
1090,0
1092,0
1092,0
1092,0.011111
1092,0
1092,0
1093,0
1093,0
1094,0
1094,0
1095,0
1095,0
1095,0.011111
1095,0
1095,0
1098,0
1098,0
1098,0
1098,0
1098,0
1098,0
1098,0
1098,0.033333
1099,0
1101,0
1101,0
1103,0
1103,0
1104,0
1104,0
1104,0
1104,0
1104,0.022222
1104,0
1104,0.011111
1104,0.044444
1104,0
1104,0.011111
1104,0
1104,0
1104,0
1104,0
1104,0
1104,0
1104,0
1104,0
1104,0
1104,0
1104,0
1104,0
1104,0
1104,0
1104,0
1104,0.011111
1104,0
1104,0
1104,0.022222
1104,0
1104,0.011111
1104,0
1104,0.011111
1104,0
1104,0
1104,0
1104,0.011111
1104,0
1104,0
1104,0
1105,0
1105,0
1105,0
1105,0
1105,0
1105,0
1105,0
1108,0
1109,0
1109,0
1109,0
1109,0
1109,0.011111
1109,0
1109,0.011111
1109,0.033333
1109,0.011111
1109,0.033333
1109,0.022222
1109,0
1109,0.022222
1109,0.022222
1109,0
1110,0
1111,0
1111,0
1111,0.011111
1111,0
1111,0
1111,0
1112,0
1112,0
1119,0
1125,0
1125,0
1125,0.011111
1125,0
1125,0
1129,0
1129,0
1129,0.033333
1129,0
1129,0.011111
1131,0
1131,0
1131,0
1131,0
1131,0
1131,0
1133,0
1133,0
1138,0
1138,0
1138,0.022222
1138,0
1138,0
1139,0
1141,0
1147,0
1148,0
1149,0
1149,0
1150,0
1150,0
1150,0.011111
1150,0
1150,0
1150,0
1150,0
1150,0
1150,0.011111
1150,0
1151,0
1151,0
1151,0.022222
1151,0
1152,0
1152,0
1153,0
1153,0
1153,0.022222
1153,0
1153,0.011111
1153,0
1153,0
1155,0
1157,0
1157,0
1157,0.022222
1157,0
1157,0.033333
1157,0
1157,0.033333
1159,0
1161,0
1161,0
1161,0
1162,0
1162,0
1162,0.011111
1162,0
1162,0.011111
1162,0
1162,0.022222
1162,0.077778
1165,0
1165,0
1165,0
1165,0
1165,0
1165,0
1165,0
1165,0.022222
1166,0
1166,0
1166,0
1166,0
1171,0
1172,0
1172,0
1172,0.011111
1172,0
1172,0.022222
1172,0
1172,0.022222
1172,0.044444
1172,0
1172,0.022222
1172,0
1172,0
1172,0
1172,0
1172,0
1172,0
1172,0
1172,0
1172,0.011111
1172,0
1172,0
1172,0
1172,0
1172,0
1172,0
1172,0.011111
1172,0
1172,0
1172,0.022222
1172,0
1172,0.011111
1172,0
1172,0.011111
1172,0
1172,0
1172,0
1173,0
1173,0
1173,0.011111
1173,0
1173,0.011111
1173,0
1173,0.011111
1173,0.1
1173,0.011111
1173,0.022222
1173,0.011111
1173,0
1173,0.022222
1173,0.011111
1174,0
1175,0
1178,0
1178,0
1178,0.011111
1179,0
1183,0
1183,0
1183,0.011111
1183,0
1183,0
1183,0
1184,0
1184,0
1184,0
1184,0
1184,0
1184,0
1184,0
1184,0.033333
1184,0.011111
1184,0.011111
1184,0.011111
1184,0
1184,0.011111
1184,0.011111
1184,0
1184,0
1184,0.022222
1184,0
1184,0.022222
1186,0
1186,0
1186,0
1186,0
1186,0.011111
1186,0
1186,0.011111
1186,0.044444
1187,0
1189,0
1190,0
1191,0
1191,0
1191,0
1191,0
1191,0
1191,0
1191,0
1192,0
1192,0
1192,0.011111
1192,0
1192,0
1192,0
1192,0
1192,0.066667
1192,0.022222
1192,0.011111
1192,0.011111
1192,0
1192,0
1192,0
1192,0
1192,0.022222
1192,0
1192,0
1192,0
1192,0.011111
1192,0
1192,0
1192,0
1192,0
1192,0
1192,0.022222
1192,0
1192,0.022222
1192,0.022222
1192,0
1192,0
1192,0
1192,0.011111
1192,0
1192,0
1192,0
1192,0.011111
1192,0
1192,0
1192,0
1192,0
1192,0
1192,0
1192,0
1192,0
1192,0.011111
1192,0
1192,0.011111
1192,0
1192,0
1192,0
1192,0.088889
1192,0.044444
1192,0.077778
1192,0.066667
1192,0.022222
1192,0.055556
1192,0.022222
1192,0.066667
1192,0.044444
1192,0
1192,0.077778
1192,0
1192,0.011111
1192,0.033333
1192,0.133333
1192,0.033333
1192,0.133333
1192,0.011111
1192,0.055556
1192,0.044444
1192,0.011111
1192,0.155556
1192,0
1193,0
1193,0
1196,0
1197,0
1197,0
1199,0
1199,0
1199,0.022222
1199,0
1199,0.011111
1199,0
1199,0.011111
1199,0.055556
1199,0.022222
1199,0.011111
1201,0
1203,0
1203,0
1203,0.022222
1203,0
1203,0.022222
1203,0
1203,0.022222
1203,0.088889
1203,0.022222
1203,0.044444
1203,0.011111
1203,0
1203,0.011111
1203,0.011111
1203,0
1203,0.022222
1203,0.011111
1203,0
1203,0.011111
1203,0.011111
1203,0
1203,0
1203,0
1203,0
1203,0
1203,0.011111
1203,0
1203,0
1203,0
1203,0
1203,0.011111
1203,0
1203,0.022222
1203,0
1203,0
1203,0
1203,0.011111
1203,0
1203,0
1203,0
1203,0.011111
1203,0
1203,0
1203,0
1203,0.011111
1203,0.044444
1203,0
1203,0
1203,0
1203,0
1203,0
1203,0.088889
1203,0.022222
1203,0.066667
1203,0.011111
1203,0.1
1203,0.077778
1203,0.011111
1203,0.055556
1203,0.033333
1203,0
1203,0.011111
1203,0
1203,0.022222
1203,0.044444
1203,0.111111
1203,0.033333
1203,0.111111
1203,0.022222
1210,0
1210,0
1210,0.011111
1210,0
1210,0.011111
1210,0
1210,0.033333
1210,0.1
1210,0.011111
1210,0.022222
1210,0.011111
1210,0
1210,0.022222
1210,0.011111
1210,0
1210,0.011111
1210,0.022222
1210,0
1210,0.011111
1210,0.022222
1210,0
1210,0
1210,0
1210,0
1210,0
1210,0.022222
1210,0
1210,0
1210,0
1210,0
1210,0.022222
1210,0
1210,0.033333
1210,0
1210,0
1210,0
1210,0.011111
1210,0
1210,0
1210,0
1210,0.011111
1210,0
1210,0
1211,0
1211,0
1211,0.022222
1211,0
1211,0.011111
1211,0
1211,0.022222
1211,0.1
1211,0.022222
1211,0.033333
1211,0.011111
1211,0
1211,0.011111
1211,0.011111
1211,0
1211,0.022222
1211,0.022222
1211,0
1211,0.022222
1211,0.022222
1211,0
1211,0
1211,0
1211,0
1211,0
1211,0.022222
1211,0
1211,0
1211,0
1211,0
1211,0
1212,0
1212,0
1212,0
1213,0
1213,0
1213,0.011111
1213,0
1214,0
1215,0
1215,0
1215,0
1216,0
1216,0
1216,0.011111
1216,0
1216,0
1216,0
1216,0.011111
1216,0
1216,0.011111
1216,0
1223,0
1223,0
1223,0.011111
1223,0
1223,0.011111
1223,0
1223,0
1223,0.044444
1223,0.011111
1223,0.022222
1223,0.022222
1223,0
1223,0
1223,0
1223,0
1223,0
1224,0
1224,0
1224,0.011111
1224,0
1224,0
1224,0
1224,0
1224,0.033333
1224,0.011111
1224,0.011111
1224,0.011111
1224,0
1224,0
1224,0
1224,0
1224,0.011111
1224,0
1224,0
1224,0
1224,0
1224,0
1224,0
1224,0
1224,0
1224,0
1224,0.011111
1224,0
1224,0.011111
1224,0.022222
1224,0
1224,0
1224,0
1224,0
1224,0
1224,0
1224,0
1224,0.011111
1225,0
1227,0
1227,0
1229,0
1229,0
1229,0.011111
1229,0
1229,0
1229,0
1229,0
1231,0
1231,0
1231,0.011111
1231,0
1231,0.022222
1231,0
1232,0
1232,0
1232,0.022222
1232,0
1232,0.011111
1232,0
1233,0
1234,0
1234,0
1234,0.011111
1234,0
1234,0.011111
1234,0
1234,0
1234,0.044444
1235,0
1235,0
1235,0.022222
1235,0
1235,0.033333
1235,0
1236,0
1236,0
1236,0.011111
1236,0
1236,0
1237,0
1238,0
1238,0
1238,0.011111
1238,0
1238,0
1240,0
1240,0
1244,0
1244,0
1244,0.011111
1244,0
1244,0
1244,0
1244,0
1244,0.033333
1244,0
1244,0
1244,0
1246,0
1246,0
1246,0
1246,0
1246,0
1246,0
1246,0
1246,0.033333
1246,0
1246,0.011111
1246,0.011111
1246,0
1246,0
1246,0
1248,0
1249,0
1249,0
1250,0
1250,0
1250,0.011111
1250,0
1250,0.011111
1250,0
1250,0
1250,0.033333
1250,0.011111
1250,0.011111
1250,0.011111
1250,0
1250,0
1250,0
1250,0
1250,0
1250,0.022222
1250,0
1250,0.011111
1250,0
1250,0
1250,0
1250,0
1250,0
1250,0
1250,0.011111
1250,0
1250,0
1250,0
1250,0
1250,0.011111
1250,0
1250,0
1250,0
1250,0
1250,0
1250,0.011111
1250,0
1250,0
1250,0
1250,0.011111
1250,0
1250,0
1250,0
1250,0.011111
1250,0.011111
1250,0
1250,0
1250,0
1250,0
1250,0
1250,0.111111
1250,0.011111
1254,0
1254,0
1254,0.011111
1254,0
1254,0.011111
1254,0
1254,0.033333
1254,0.088889
1255,0
1256,0
1257,0
1259,0
1259,0
1259,0.022222
1259,0
1259,0.011111
1259,0
1259,0.022222
1259,0.122222
1259,0.022222
1260,0
1260,0
1260,0.011111
1262,0
1262,0
1263,0
1263,0
1264,0
1264,0
1268,0
1268,0
1268,0
1268,0
1268,0.022222
1268,0
1268,0.022222
1268,0.033333
1268,0
1268,0.022222
1268,0
1268,0
1268,0
1268,0
1268,0
1268,0
1268,0.011111
1268,0
1268,0.011111
1268,0
1272,0
1272,0
1272,0.022222
1272,0
1272,0.011111
1272,0
1272,0
1272,0.022222
1272,0.022222
1272,0.022222
1272,0.033333
1272,0
1272,0.011111
1272,0
1272,0
1272,0
1272,0.022222
1272,0
1272,0.011111
1274,0
1274,0
1274,0
1274,0
1274,0.011111
1274,0
1276,0
1276,0
1276,0.022222
1276,0
1276,0.011111
1276,0
1276,0.011111
1276,0.044444
1276,0.011111
1276,0.022222
1276,0.011111
1276,0
1276,0
1276,0
1276,0
1276,0
1276,0.022222
1276,0
1276,0.011111
1276,0
1276,0
1276,0
1276,0
1276,0
1276,0
1276,0.011111
1276,0
1278,0
1278,0
1278,0.033333
1278,0
1278,0.022222
1278,0
1278,0.011111
1278,0.144444
1278,0.011111
1278,0.033333
1278,0.022222
1278,0
1278,0.022222
1278,0.022222
1278,0
1278,0.033333
1278,0.033333
1279,0
1279,0
1279,0.022222
1279,0
1279,0.011111
1279,0
1279,0.022222
1280,0
1280,0
1280,0.011111
1280,0
1281,0
1281,0
1281,0
1283,0
1284,0
1284,0
1284,0
1284,0
1284,0.022222
1284,0
1284,0.011111
1284,0.055556
1284,0
1284,0.011111
1284,0
1284,0
1284,0
1284,0
1284,0
1284,0
1284,0.011111
1284,0
1284,0.011111
1284,0
1284,0
1284,0
1284,0
1284,0
1284,0
1284,0.033333
1284,0
1284,0
1284,0.022222
1284,0
1284,0.011111
1284,0
1284,0.011111
1284,0
1284,0
1284,0
1284,0
1285,0
1285,0
1285,0
1287,0
1288,0
1290,0
1294,0
1295,0
1295,0
1295,0.033333
1296,0
1299,0
1299,0
1299,0.022222
1303,0
1304,0
1305,0
1305,0
1305,0.011111
1309,0
1310,0
1310,0
1310,0.044444
1310,0
1310,0
1310,0
1310,0
1310,0.088889
1310,0.011111
1310,0.022222
1310,0.033333
1310,0
1310,0.022222
1310,0.011111
1310,0
1310,0.011111
1312,0
1317,0
1317,0
1317,0.022222
1317,0
1317,0.011111
1317,0
1317,0.022222
1317,0.155556
1317,0
1317,0.022222
1317,0.011111
1317,0
1317,0.022222
1317,0.011111
1317,0
1317,0.022222
1317,0.022222
1317,0
1317,0.011111
1317,0.011111
1317,0
1317,0
1317,0
1317,0
1317,0
1317,0.022222
1317,0
1317,0
1317,0
1317,0
1317,0.033333
1317,0
1317,0.022222
1317,0
1317,0
1317,0
1317,0.022222
1317,0
1317,0
1317,0
1317,0.011111
1317,0
1317,0
1317,0
1317,0.011111
1317,0.022222
1320,0
1320,0
1320,0.011111
1320,0
1320,0.011111
1320,0
1320,0.011111
1322,0
1322,0
1322,0.011111
1323,0
1324,0
1325,0
1325,0
1328,0
1328,0
1328,0.033333
1328,0
1328,0.022222
1328,0
1328,0.022222
1328,0.177778
1328,0.011111
1330,0
1330,0
1330,0
1330,0
1330,0
1330,0
1330,0
1330,0
1331,0
1335,0
1335,0
1335,0.011111
1336,0
1336,0
1336,0
1337,0
1337,0
1337,0.011111
1338,0
1338,0
1338,0.011111
1338,0
1338,0.011111
1338,0
1340,0
1341,0
1341,0
1341,0.011111
1343,0
1343,0
1343,0.011111
1343,0
1343,0.022222
1343,0
1343,0.011111
1343,0.055556
1343,0
1343,0.011111
1343,0
1343,0
1343,0
1343,0
1343,0
1343,0
1343,0
1343,0
1343,0
1343,0
1343,0
1343,0
1343,0
1343,0
1343,0
1343,0.011111
1343,0
1343,0
1343,0.011111
1343,0
1343,0.011111
1343,0
1343,0
1343,0
1343,0
1343,0
1343,0.011111
1343,0
1343,0
1343,0
1343,0.011111
1343,0
1343,0
1343,0
1343,0
1344,0
1344,0
1344,0.011111
1347,0
1347,0
1347,0.044444
1347,0
1347,0
1347,0
1347,0
1347,0.111111
1347,0
1347,0.022222
1347,0.033333
1347,0
1347,0.022222
1347,0.011111
1347,0
1347,0.011111
1347,0.011111
1347,0
1347,0.011111
1349,0
1349,0
1349,0
1349,0
1350,0
1350,0
1350,0.022222
1350,0
1350,0.011111
1350,0
1350,0.011111
1350,0.133333
1350,0
1350,0.022222
1351,0
1351,0
1351,0
1351,0
1351,0.022222
1351,0
1351,0.022222
1351,0.055556
1351,0
1354,0
1355,0
1356,0
1357,0
1357,0
1359,0
1359,0
1359,0
1359,0
1359,0.011111
1359,0
1359,0
1361,0
1361,0
1363,0
1364,0
1365,0
1365,0
1367,0
1368,0
1368,0
1373,0
1373,0
1374,0
1374,0
1374,0.011111
1375,0
1378,0
1381,0
1381,0
1381,0.011111
1381,0
1381,0.011111
1381,0
1381,0
1381,0.044444
1381,0.011111
1381,0.011111
1381,0.011111
1381,0
1381,0
1381,0
1381,0
1381,0
1381,0.022222
1381,0
1381,0.011111
1381,0
1381,0
1381,0
1381,0
1381,0
1381,0
1381,0.022222
1381,0
1381,0
1381,0
1381,0
1381,0.022222
1381,0
1381,0
1381,0
1381,0
1381,0
1381,0.011111
1381,0
1381,0
1381,0
1381,0.022222
1381,0
1381,0
1381,0
1381,0.011111
1381,0.011111
1381,0
1381,0
1381,0
1381,0
1381,0
1381,0.088889
1381,0.022222
1381,0.044444
1381,0
1381,0.077778
1381,0.077778
1381,0
1381,0.033333
1381,0.077778
1381,0
1381,0
1381,0
1381,0.011111
1381,0.077778
1381,0.111111
1381,0
1381,0.077778
1381,0.011111
1381,0.011111
1381,0.088889
1381,0.022222
1381,0.144444
1382,0
1388,0
1389,0
1390,0
1390,0
1390,0.011111
1396,0
1396,0
1397,0
1397,0
1397,0
1397,0
1397,0.022222
1397,0
1397,0.022222
1397,0.044444
1403,0
1403,0
1403,0.011111
1403,0
1403,0.011111
1404,0
1405,0
1405,0
1405,0.011111
1406,0
1406,0
1409,0
1409,0
1409,0.011111
1409,0
1409,0.011111
1409,0
1409,0
1409,0.033333
1409,0.011111
1409,0.011111
1409,0.022222
1409,0
1411,0
1412,0
1415,0
1419,0
1419,0
1420,0
1422,0
1422,0
1422,0
1422,0
1422,0.011111
1422,0
1422,0.011111
1422,0.033333
1422,0.011111
1422,0.033333
1422,0.022222
1422,0
1422,0.011111
1422,0.022222
1422,0
1424,0
1424,0
1424,0.011111
1424,0
1424,0
1424,0
1424,0
1424,0.077778
1424,0.011111
1424,0.033333
1424,0
1424,0
1424,0
1424,0
1424,0
1424,0.033333
1424,0
1424,0
1424,0.011111
1424,0.011111
1424,0
1424,0
1424,0
1425,0
1425,0
1425,0
1426,0
1427,0
1427,0
1427,0.011111
1428,0
1428,0
1428,0.011111
1428,0
1429,0
1432,0
1433,0
1433,0
1433,0.011111
1433,0
1433,0
1433,0
1433,0
1433,0.044444
1433,0.011111
1433,0
1433,0
1434,0
1434,0
1434,0.011111
1434,0
1434,0.011111
1434,0
1434,0
1434,0.044444
1434,0.011111
1434,0.022222
1434,0.022222
1434,0
1434,0
1434,0
1434,0
1434,0
1434,0.022222
1434,0
1434,0.011111
1434,0
1434,0
1434,0
1434,0
1434,0
1434,0
1434,0.022222
1434,0
1434,0
1434,0
1436,0
1438,0
1438,0
1438,0.011111
1438,0
1438,0
1438,0
1438,0
1438,0.022222
1438,0.011111
1438,0.022222
1438,0.022222
1438,0
1439,0
1439,0
1441,0
1441,0
1441,0.011111
1441,0
1441,0
1441,0
1441,0
1441,0
1441,0.011111
1441,0.011111
1442,0
1443,0
1443,0
1443,0.044444
1443,0
1443,0
1443,0
1443,0
1445,0
1445,0
1445,0
1445,0
1446,0
1446,0
1446,0.011111
1450,0
1451,0
1452,0
1454,0
1455,0
1455,0
1455,0.011111
1455,0
1455,0.011111
1455,0
1455,0
1455,0.088889
1455,0
1455,0.022222
1455,0.011111
1455,0
1455,0.011111
1455,0.011111
1455,0
1455,0.022222
1455,0.022222
1456,0
1456,0
1456,0
1456,0
1456,0
1456,0
1456,0
1456,0.022222
1456,0
1456,0.022222
1456,0
1456,0
1456,0
1456,0
1456,0
1459,0
1459,0
1462,0
1462,0
1462,0.033333
1462,0
1462,0.011111
1462,0
1462,0.011111
1462,0.055556
1462,0.022222
1462,0.044444
1463,0
1464,0
1464,0
1464,0.011111
1464,0
1464,0
1464,0
1464,0
1464,0.055556
1464,0.022222
1464,0.022222
1464,0.011111
1465,0
1465,0
1465,0
1466,0
1466,0
1466,0.011111
1466,0
1466,0
1466,0
1466,0
1466,0.022222
1466,0
1466,0.011111
1466,0.011111
1466,0
1466,0
1466,0
1466,0
1466,0
1466,0.011111
1466,0
1466,0.011111
1467,0
1467,0
1467,0.011111
1467,0
1467,0.022222
1467,0
1467,0.033333
1467,0.044444
1467,0.011111
1467,0.033333
1467,0
1467,0
1467,0.011111
1467,0
1467,0
1467,0.011111
1467,0
1467,0
1467,0
1467,0
1467,0
1467,0
1470,0
1471,0
1471,0
1471,0
1471,0
1471,0.011111
1471,0
1471,0.011111
1471,0.055556
1471,0.022222
1471,0.022222
1471,0.011111
1471,0
1471,0.011111
1471,0.022222
1471,0
1472,0
1472,0
1473,0
1474,0
1474,0
1474,0.011111
1476,0
1477,0
1479,0
1480,0
1480,0
1480,0.011111
1480,0
1480,0.011111
1480,0
1481,0
1482,0
1482,0
1482,0
1482,0
1482,0.011111
1484,0
1484,0
1486,0
1486,0
1486,0.033333
1487,0
1487,0
1487,0
1487,0
1487,0
1487,0
1487,0
1487,0.044444
1487,0.011111
1487,0.011111
1487,0
1487,0
1487,0
1487,0
1487,0
1487,0.011111
1487,0.011111
1487,0
1487,0
1487,0.011111
1487,0
1487,0
1490,0
1490,0
1490,0
1490,0
1491,0
1491,0
1492,0
1492,0
1492,0.033333
1492,0
1492,0.022222
1492,0
1492,0.022222
1492,0.155556
1492,0.011111
1492,0.022222
1495,0
1498,0
1498,0
1498,0
1498,0
1498,0
1498,0
1498,0
1498,0.044444
1499,0
1499,0
1499,0.011111
1499,0
1499,0
1501,0
1501,0
1504,0
1504,0
1507,0
1507,0
1510,0
1510,0
1510,0
1510,0
1510,0
1515,0
1515,0
1515,0
1515,0
1516,0
1517,0
1517,0
1517,0.011111
1517,0
1517,0.011111
1517,0
1518,0
1518,0
1518,0.011111
1520,0
1521,0
1523,0
1523,0
1523,0.011111
1523,0
1523,0.022222
1523,0
1523,0.033333
1523,0.066667
1523,0.011111
1523,0.011111
1523,0.011111
1523,0
1523,0.011111
1523,0.011111
1523,0
1523,0
1525,0
1526,0
1526,0
1526,0.011111
1528,0
1528,0
1533,0
1533,0
1535,0
1535,0
1535,0.011111
1535,0
1536,0
1536,0
1536,0.011111
1536,0
1536,0.011111
1536,0
1536,0
1536,0.055556
1536,0.011111
1536,0.033333
1536,0.011111
1536,0
1536,0
1536,0
1536,0
1539,0
1540,0
1542,0
1542,0
1544,0
1544,0
1544,0
1545,0
1546,0
1546,0
1546,0.022222
1546,0
1546,0
1546,0
1546,0
1546,0.144444
1546,0
1546,0.022222
1548,0
1548,0
1548,0
1548,0
1548,0.011111
1548,0
1548,0.011111
1548,0.033333
1548,0.022222
1548,0.022222
1548,0.011111
1548,0
1548,0.011111
1548,0.022222
1548,0
1548,0.022222
1548,0.011111
1548,0
1548,0.022222
1548,0.011111
1548,0
1548,0
1548,0
1548,0
1548,0
1548,0.011111
1548,0
1548,0.022222
1548,0
1548,0
1548,0.011111
1548,0
1548,0.022222
1548,0
1548,0
1548,0
1548,0.011111
1548,0
1548,0
1548,0
1548,0.033333
1548,0
1548,0
1548,0
1548,0
1548,0.022222
1548,0
1548,0
1548,0
1548,0
1548,0
1548,0.055556
1548,0.022222
1548,0.022222
1548,0.022222
1548,0.044444
1548,0.044444
1548,0
1548,0.022222
1548,0.055556
1548,0
1548,0.033333
1548,0
1548,0.022222
1548,0.033333
1548,0.044444
1548,0
1548,0.044444
1548,0.022222
1548,0.011111
1548,0.033333
1548,0
1548,0.111111
1548,0.011111
1548,0
1548,0
1548,0
1548,0.011111
1548,0
1553,0
1553,0
1553,0.011111
1553,0
1553,0
1554,0
1554,0
1554,0.022222
1554,0
1554,0.011111
1554,0
1554,0
1554,0.133333
1554,0
1554,0.022222
1554,0.011111
1554,0
1554,0.033333
1554,0.011111
1554,0
1558,0
1558,0
1558,0.022222
1558,0
1558,0
1558,0
1558,0
1558,0.077778
1558,0.011111
1558,0.033333
1558,0
1558,0
1558,0
1558,0
1558,0
1558,0.033333
1558,0
1558,0
1558,0.011111
1558,0.011111
1558,0
1558,0
1561,0
1561,0
1563,0
1563,0
1567,0
1568,0
1569,0
1569,0
1571,0
1571,0
1571,0.011111
1571,0
1573,0
1573,0
1573,0.011111
1574,0
1574,0
1574,0.011111
1574,0
1574,0
1574,0
1574,0
1574,0.011111
1574,0.011111
1574,0.022222
1579,0
1579,0
1580,0
1580,0
1580,0
1580,0
1580,0
1580,0
1580,0
1580,0.033333
1580,0.011111
1580,0
1580,0
1580,0
1580,0.011111
1580,0
1580,0
1580,0.011111
1580,0.011111
1580,0
1580,0
1580,0.011111
1580,0
1580,0
1580,0
1580,0
1580,0
1580,0.011111
1580,0
1580,0.011111
1581,0
1581,0
1581,0.022222
1581,0
1581,0.022222
1581,0
1581,0.022222
1583,0
1583,0
1583,0
1583,0
1583,0
1583,0
1583,0
1583,0.022222
1583,0.011111
1583,0
1583,0
1584,0
1585,0
1585,0
1585,0.011111
1585,0
1585,0.022222
1585,0
1585,0.033333
1585,0.044444
1585,0
1585,0.011111
1585,0
1585,0
1585,0.011111
1585,0
1585,0
1585,0
1585,0
1585,0
1585,0
1585,0
1585,0
1585,0
1585,0
1586,0
1586,0
1586,0
1586,0
1586,0
1586,0
1586,0
1586,0.044444
1586,0.011111
1586,0.011111
1586,0
1586,0
1586,0
1586,0
1586,0
1586,0.011111
1586,0.011111
1586,0
1586,0
1586,0
1586,0
1586,0
1586,0
1586,0
1586,0
1586,0.011111
1586,0
1586,0.011111
1586,0
1586,0
1586,0
1586,0
1586,0
1586,0
1586,0
1588,0
1589,0
1590,0
1590,0
1590,0
1591,0
1593,0
1593,0
1593,0.044444
1593,0
1595,0
1595,0
1595,0
1595,0
1597,0
1597,0
1597,0
1597,0
1597,0
1597,0
1601,0
1601,0
1602,0
1605,0
1605,0
1605,0.033333
1605,0
1605,0
1605,0
1605,0
1605,0.066667
1605,0.011111
1605,0.022222
1606,0
1606,0
1606,0.022222
1606,0
1606,0.011111
1607,0
1607,0
1607,0
1612,0
1614,0
1616,0
1616,0
1616,0.011111
1616,0
1616,0.011111
1617,0
1617,0
1617,0.011111
1618,0
1618,0
1618,0.011111
1618,0
1618,0
1618,0
1618,0
1618,0
1618,0.011111
1619,0
1619,0
1619,0
1619,0
1619,0
1619,0
1619,0.011111
1619,0.033333
1619,0
1619,0.022222
1619,0.011111
1622,0
1623,0
1623,0
1623,0.011111
1623,0
1623,0.011111
1623,0
1623,0
1623,0.022222
1623,0.022222
1623,0.022222
1624,0
1624,0
1624,0.011111
1624,0
1624,0
1624,0
1624,0
1624,0.055556
1624,0.011111
1624,0.022222
1624,0
1624,0
1624,0
1624,0
1624,0
1624,0.011111
1624,0
1624,0
1624,0.011111
1624,0
1624,0
1624,0
1624,0
1624,0
1624,0
1624,0.022222
1624,0
1624,0
1624,0
1624,0
1624,0
1624,0
1624,0
1624,0
1624,0
1624,0
1624,0
1624,0
1624,0
1624,0
1624,0
1624,0
1624,0
1624,0
1624,0
1624,0.022222
1624,0
1624,0
1624,0
1624,0
1624,0
1624,0.122222
1624,0.033333
1624,0.088889
1625,0
1626,0
1626,0
1626,0
1626,0
1626,0.022222
1626,0
1626,0.022222
1626,0.044444
1626,0
1626,0.022222
1626,0
1626,0
1626,0
1626,0
1626,0
1626,0
1626,0
1626,0
1626,0.011111
1626,0
1626,0
1626,0
1626,0
1626,0
1626,0
1626,0.011111
1626,0
1626,0
1626,0.022222
1626,0
1627,0
1628,0
1630,0
1630,0
1630,0.011111
1630,0
1630,0
1630,0
1631,0
1631,0
1631,0.011111
1631,0
1631,0.011111
1631,0
1631,0
1633,0
1634,0
1634,0
1636,0
1636,0
1636,0.011111
1636,0
1636,0
1636,0
1636,0
1636,0.066667
1636,0.011111
1636,0.022222
1636,0
1636,0
1636,0
1637,0
1637,0
1638,0
1638,0
1638,0.022222
1638,0
1638,0.033333
1638,0
1638,0.022222
1638,0.066667
1638,0.011111
1638,0.022222
1638,0.011111
1638,0
1638,0
1638,0
1638,0
1640,0
1640,0
1640,0
1640,0
1640,0
1640,0
1640,0
1640,0.044444
1640,0.011111
1640,0.022222
1640,0
1640,0
1640,0
1640,0
1640,0
1640,0.022222
1640,0
1640,0
1640,0
1640,0
1640,0
1640,0
1640,0
1640,0
1640,0
1640,0.011111
1640,0
1640,0
1640,0.011111
1640,0
1640,0
1641,0
1643,0
1643,0
1643,0.011111
1643,0
1643,0.022222
1644,0
1644,0
1644,0.011111
1644,0
1644,0
1644,0
1644,0
1648,0
1649,0
1651,0
1651,0
1651,0.011111
1651,0
1651,0
1651,0
1651,0
1651,0.055556
1651,0.022222
1651,0.011111
1651,0.011111
1651,0
1651,0
1651,0
1651,0
1651,0.022222
1651,0
1651,0
1651,0
1653,0
1653,0
1653,0
1653,0
1653,0
1653,0
1653,0
1653,0
1654,0
1654,0
1654,0
1656,0
1657,0
1658,0
1660,0
1662,0
1662,0
1662,0
1662,0
1662,0
1662,0
1662,0
1662,0.055556
1662,0.022222
1662,0.022222
1662,0
1662,0
1662,0
1662,0
1663,0
1663,0
1663,0
1663,0
1663,0
1663,0
1663,0
1663,0.022222
1663,0.011111
1663,0.022222
1665,0
1665,0
1665,0
1665,0
1665,0
1665,0
1665,0
1665,0.044444
1665,0.011111
1665,0.011111
1665,0
1665,0
1665,0
1665,0
1665,0
1665,0.022222
1665,0
1665,0
1665,0
1665,0
1665,0
1665,0
1665,0
1665,0
1665,0
1665,0.011111
1665,0
1665,0.011111
1665,0.011111
1665,0
1665,0
1667,0
1670,0
1670,0
1672,0
1673,0
1673,0
1673,0.022222
1673,0
1673,0.011111
1673,0
1673,0.011111
1673,0.055556
1673,0.022222
1673,0.044444
1673,0.011111
1673,0
1673,0.011111
1673,0.011111
1673,0
1673,0.033333
1673,0.011111
1673,0
1673,0.011111
1673,0.022222
1673,0
1673,0
1673,0
1673,0
1673,0
1673,0.011111
1673,0
1673,0
1673,0.011111
1673,0
1673,0
1673,0
1673,0.022222
1673,0
1673,0
1673,0
1673,0
1673,0
1673,0
1673,0
1673,0.011111
1673,0
1673,0
1673,0
1675,0
1675,0
1675,0
1675,0
1677,0
1678,0
1678,0
1678,0.022222
1678,0
1679,0
1680,0
1680,0
1680,0
1680,0
1680,0
1680,0
1680,0
1680,0.033333
1680,0
1680,0.011111
1680,0.011111
1680,0
1680,0
1680,0
1680,0
1680,0
1680,0.011111
1680,0
1680,0
1680,0
1680,0
1680,0
1680,0
1680,0
1680,0
1680,0.011111
1680,0
1680,0
1680,0
1680,0
1680,0.011111
1680,0
1680,0
1680,0
1680,0
1680,0
1680,0
1680,0
1680,0
1680,0
1680,0.033333
1680,0
1680,0
1680,0
1680,0
1680,0
1680,0
1680,0
1680,0
1680,0
1680,0
1680,0.088889
1680,0.011111
1680,0.044444
1680,0
1680,0.044444
1680,0.066667
1680,0
1680,0.044444
1680,0.1
1680,0
1680,0.011111
1683,0
1684,0
1684,0
1687,0
1687,0
1687,0.011111
1687,0
1687,0
1687,0
1688,0
1689,0
1689,0
1690,0
1690,0
1690,0.011111
1690,0
1690,0.011111
1690,0
1691,0
1691,0
1691,0
1691,0
1691,0
1691,0
1691,0
1693,0
1695,0
1695,0
1695,0.022222
1695,0
1695,0
1695,0
1695,0
1695,0.111111
1695,0.011111
1695,0.011111
1695,0
1695,0
1695,0
1695,0
1695,0
1695,0.044444
1695,0.011111
1695,0
1695,0.011111
1695,0.011111
1695,0
1695,0
1695,0
1695,0
1695,0
1695,0.033333
1695,0
1695,0
1695,0.011111
1700,0
1700,0
1700,0
1700,0
1701,0
1701,0
1701,0.044444
1701,0
1701,0.011111
1701,0
1701,0
1701,0.111111
1701,0
1701,0.033333
1701,0.033333
1701,0
1701,0.022222
1701,0.011111
1701,0
1701,0.011111
1701,0.022222
1701,0
1701,0.011111
1701,0.011111
1701,0
1701,0
1701,0
1701,0
1701,0
1701,0.011111
1701,0
1701,0.011111
1701,0.011111
1701,0
1701,0.011111
1701,0
1701,0.022222
1701,0
1701,0
1701,0
1701,0.033333
1701,0
1701,0
1701,0
1701,0.011111
1701,0
1701,0
1701,0
1701,0.011111
1701,0.033333
1701,0
1701,0
1701,0
1701,0
1701,0
1701,0.111111
1701,0.055556
1701,0.077778
1701,0.055556
1701,0.044444
1701,0.066667
1701,0.033333
1701,0.088889
1701,0.077778
1701,0
1701,0.055556
1701,0
1701,0.022222
1701,0.055556
1701,0.133333
1701,0.044444
1701,0.122222
1701,0.033333
1701,0.033333
1701,0.044444
1701,0.055556
1701,0.188889
1701,0
1701,0
1702,0
1703,0
1703,0
1703,0.022222
1703,0
1703,0.011111
1703,0
1703,0
1703,0.022222
1703,0.011111
1703,0.022222
1703,0.022222
1703,0
1703,0
1703,0
1703,0
1704,0
1705,0
1706,0
1706,0
1707,0
1707,0
1707,0.011111
1708,0
1708,0
1708,0.011111
1708,0
1708,0.011111
1708,0
1708,0.022222
1708,0.088889
1709,0
1709,0
1709,0.011111
1709,0
1709,0
1709,0
1711,0
1711,0
1711,0.022222
1711,0
1711,0.011111
1711,0
1711,0
1712,0
1712,0
1712,0.022222
1712,0
1712,0.011111
1712,0
1712,0
1712,0.022222
1712,0.011111
1712,0.022222
1712,0.033333
1712,0
1712,0
1712,0.011111
1712,0
1712,0
1712,0.011111
1712,0
1712,0.011111
1712,0.011111
1712,0
1712,0
1712,0
1712,0
1713,0
1713,0
1718,0
1719,0
1724,0
1724,0
1724,0.033333
1724,0
1724,0.022222
1724,0
1724,0.011111
1724,0.133333
1724,0.022222
1724,0.011111
1724,0.011111
1724,0
1724,0.011111
1724,0.011111
1724,0
1724,0.044444
1724,0.033333
1724,0
1724,0.022222
1724,0.011111
1724,0
1724,0
1724,0
1724,0
1724,0
1724,0.033333
1725,0
1727,0
1729,0
1729,0
1729,0.022222
1729,0
1729,0.011111
1729,0
1731,0
1731,0
1731,0.011111
1731,0
1731,0.011111
1731,0
1731,0.022222
1731,0.044444
1731,0
1731,0.011111
1731,0
1731,0
1731,0
1731,0
1734,0
1735,0
1735,0
1735,0.011111
1735,0
1737,0
1737,0
1742,0
1742,0
1742,0.011111
1742,0
1742,0
1744,0
1744,0
1744,0.011111
1744,0
1744,0.011111
1744,0
1744,0
1744,0.044444
1744,0.011111
1746,0
1746,0
1747,0
1747,0
1747,0.033333
1747,0
1747,0.011111
1747,0
1749,0
1749,0
1749,0
1750,0
1753,0
1753,0
1755,0
1755,0
1755,0
1755,0
1755,0
1755,0
1758,0
1758,0
1758,0.011111
1758,0
1758,0.022222
1758,0
1758,0.022222
1758,0.055556
1758,0
1758,0.011111
1758,0
1758,0
1758,0
1758,0
1758,0
1758,0
1760,0
1760,0
1760,0.022222
1760,0
1760,0.011111
1760,0
1760,0.022222
1760,0.1
1761,0
1761,0
1761,0.011111
1761,0
1761,0.011111
1761,0
1761,0.033333
1761,0.066667
1761,0.011111
1766,0
1772,0
1772,0
1772,0
1772,0
1772,0
1772,0
1772,0
1772,0.011111
1772,0
1774,0
1775,0
1775,0
1775,0
1775,0
1775,0
1775,0
1775,0
1775,0
1778,0
1778,0
1779,0
1779,0
1779,0.011111
1779,0
1779,0.011111
1779,0
1780,0
1780,0
1781,0
1781,0
1781,0
1782,0
1782,0
1782,0.011111
1782,0
1782,0
1782,0
1782,0
1783,0
1784,0
1784,0
1784,0.022222
1788,0
1788,0
1790,0
1790,0
1793,0
1793,0
1793,0.044444
1793,0
1793,0
1793,0
1793,0
1793,0.077778
1793,0
1793,0.022222
1793,0.033333
1793,0
1793,0.011111
1793,0.011111
1793,0
1793,0.011111
1793,0
1793,0
1793,0.011111
1793,0.011111
1793,0
1794,0
1794,0
1796,0
1796,0
1796,0.011111
1796,0
1796,0.011111
1796,0
1796,0
1796,0.044444
1796,0.011111
1796,0.022222
1796,0.022222
1798,0
1798,0
1798,0.022222
1798,0
1798,0
1800,0
1800,0
1800,0
1800,0
1802,0
1803,0
1803,0
1805,0
1805,0
1805,0.022222
1807,0
1807,0
1810,0
1810,0
1810,0
1814,0
1817,0
1822,0
1823,0
1824,0
1825,0
1825,0
1825,0.022222
1825,0
1825,0.011111
1825,0
1825,0
1825,0.055556
1825,0.011111
1825,0.033333
1825,0.011111
1825,0
1825,0
1825,0
1826,0
1826,0
1826,0
1826,0
1826,0
1826,0
1826,0
1826,0.011111
1826,0.011111
1826,0
1826,0
1827,0
1827,0
1827,0.011111
1828,0
1828,0
1831,0
1831,0
1832,0
1833,0
1833,0
1833,0
1833,0
1833,0.022222
1833,0
1833,0.044444
1833,0.077778
1833,0
1833,0.011111
1833,0
1833,0
1833,0.011111
1833,0
1833,0
1833,0
1833,0.011111
1833,0
1833,0
1833,0
1833,0
1833,0
1833,0
1833,0
1833,0
1833,0.033333
1833,0
1833,0
1833,0.033333
1833,0
1833,0.011111
1833,0
1833,0.011111
1836,0
1836,0
1836,0.022222
1836,0
1839,0
1839,0
1839,0
1839,0
1839,0
1839,0
1839,0
1840,0
1841,0
1843,0
1845,0
1845,0
1845,0
1845,0
1846,0
1846,0
1846,0.011111
1846,0
1846,0
1846,0
1846,0.011111
1847,0
1847,0
1847,0.011111
1847,0
1847,0.011111
1847,0
1847,0
1847,0.033333
1847,0.011111
1847,0.011111
1847,0.022222
1847,0
1847,0.011111
1847,0
1847,0
1847,0.011111
1847,0.022222
1847,0
1847,0.011111
1847,0.011111
1847,0
1847,0
1847,0
1847,0
1847,0
1847,0.033333
1847,0
1847,0
1849,0
1849,0
1849,0.011111
1851,0
1851,0
1851,0.022222
1851,0
1852,0
1852,0
1852,0.022222
1853,0
1856,0
1856,0
1857,0
1857,0
1861,0
1861,0
1861,0.022222
1861,0
1861,0.011111
1861,0
1861,0.022222
1861,0.144444
1861,0
1861,0.022222
1861,0.011111
1861,0
1861,0.011111
1861,0.011111
1861,0
1861,0.011111
1861,0.022222
1861,0
1861,0.011111
1861,0.011111
1861,0
1861,0
1861,0
1861,0
1861,0
1862,0
1862,0
1862,0.022222
1862,0
1862,0.011111
1862,0
1862,0.022222
1862,0.155556
1862,0
1862,0.022222
1862,0.011111
1862,0
1862,0.022222
1862,0.011111
1862,0
1862,0.022222
1862,0.022222
1862,0
1862,0.011111
1862,0.011111
1862,0
1862,0
1862,0
1862,0
1862,0
1863,0
1866,0
1866,0
1866,0.022222
1866,0
1866,0.011111
1866,0
1866,0.022222
1866,0.077778
1866,0.022222
1870,0
1872,0
1872,0
1872,0.022222
1872,0
1874,0
1875,0
1875,0
1876,0
1876,0
1876,0.011111
1876,0
1876,0
1876,0
1876,0
1876,0.011111
1876,0
1876,0.011111
1876,0.011111
1876,0
1876,0.011111
1876,0
1878,0
1880,0
1880,0
1880,0
1880,0
1880,0.022222
1880,0
1880,0.044444
1880,0.055556
1880,0
1880,0.011111
1880,0
1880,0
1880,0.011111
1880,0
1880,0
1881,0
1881,0
1882,0
1882,0
1882,0
1882,0
1882,0.022222
1882,0
1882,0.022222
1882,0.066667
1883,0
1883,0
1883,0
1884,0
1884,0
1884,0.011111
1884,0
1884,0.022222
1884,0
1884,0.011111
1884,0.066667
1884,0.011111
1884,0.033333
1884,0.022222
1884,0
1884,0
1884,0
1886,0
1886,0
1886,0.033333
1886,0
1886,0.011111
1886,0
1886,0
1886,0.144444
1886,0
1886,0.022222
1886,0.022222
1886,0
1886,0.033333
1888,0
1890,0
1890,0
1890,0.033333
1890,0
1890,0.022222
1890,0
1890,0.011111
1891,0
1891,0
1891,0.011111
1895,0
1895,0
1895,0.033333
1895,0
1895,0.022222
1895,0
1895,0.011111
1895,0.133333
1896,0
1896,0
1896,0
1896,0
1896,0
1896,0
1896,0
1896,0.022222
1896,0
1896,0.011111
1896,0
1900,0
1900,0
1901,0
1901,0
1901,0.022222
1901,0
1901,0
1901,0
1901,0
1901,0.033333
1901,0.022222
1901,0.011111
1901,0.022222
1901,0
1901,0
1901,0
1901,0
1901,0.011111
1901,0
1901,0
1901,0
1901,0
1901,0
1903,0
1905,0
1905,0
1905,0.011111
1905,0
1905,0.011111
1905,0
1905,0
1905,0.044444
1905,0.022222
1905,0.011111
1905,0.011111
1908,0
1908,0
1908,0
1908,0
1908,0.011111
1908,0
1909,0
1909,0
1909,0
1910,0
1910,0
1911,0
1912,0
1912,0
1912,0
1915,0
1915,0
1915,0
1915,0
1915,0
1915,0
1915,0
1915,0.022222
1915,0.011111
1915,0
1915,0.011111
1915,0
1915,0.011111
1915,0
1915,0
1915,0.011111
1915,0.022222
1915,0
1915,0.011111
1915,0.011111
1915,0
1915,0
1915,0
1915,0
1915,0
1915,0.011111
1915,0
1915,0.011111
1915,0
1915,0
1915,0.011111
1915,0
1918,0
1918,0
1918,0.011111
1920,0
1920,0
1920,0.011111
1920,0
1921,0
1921,0
1923,0
1923,0
1926,0
1926,0
1926,0.011111
1926,0
1926,0
1926,0
1926,0
1926,0
1926,0.011111
1926,0
1926,0.022222
1926,0
1926,0
1926,0
1926,0
1926,0
1926,0
1927,0
1927,0
1927,0.011111
1927,0
1927,0
1927,0
1927,0
1927,0
1929,0
1929,0
1930,0
1930,0
1930,0.011111
1930,0
1930,0
1930,0
1930,0.022222
1930,0.066667
1930,0.011111
1930,0.022222
1930,0
1930,0
1930,0.011111
1930,0
1930,0
1930,0.022222
1930,0
1930,0
1930,0
1930,0.011111
1930,0
1930,0
1930,0
1930,0
1930,0
1930,0.011111
1930,0
1930,0
1930,0
1930,0
1930,0
1930,0
1930,0.022222
1930,0
1930,0
1930,0
1930,0
1930,0
1930,0
1930,0
1930,0
1930,0
1930,0
1930,0
1930,0
1930,0.033333
1930,0
1930,0
1930,0
1930,0
1930,0
1930,0.066667
1930,0.022222
1930,0.077778
1930,0.022222
1930,0.055556
1930,0.066667
1930,0.022222
1930,0.077778
1930,0.055556
1930,0
1930,0.033333
1930,0
1930,0.033333
1930,0.033333
1930,0.111111
1930,0.022222
1930,0.088889
1930,0.011111
1930,0.011111
1930,0.055556
1930,0.033333
1930,0.155556
1930,0
1930,0
1930,0.022222
1930,0.011111
1930,0.044444
1930,0
1930,0.011111
1930,0.044444
1930,0.088889
1930,0.022222
1930,0
1930,0.044444
1930,0.044444
1930,0.011111
1930,0
1930,0.066667
1930,0.144444
1930,0
1930,0
1930,0
1930,0.011111
1930,0
1930,0
1930,0.011111
1930,0.055556
1930,0.022222
1930,0.033333
1930,0.022222
1930,0
1930,0
1930,0
1930,0
1930,0
1930,0
1930,0.011111
1930,0
1930,0
1930,0
1930,0
1930,0
1930,0
1930,0
1932,0
1932,0
1932,0.022222
1932,0
1932,0.011111
1932,0
1932,0
1932,0.144444
1932,0
1932,0.022222
1932,0.011111
1932,0
1932,0.022222
1932,0.011111
1935,0
1935,0
1935,0.022222
1935,0
1936,0
1936,0
1937,0
1938,0
1939,0
1939,0
1939,0
1939,0
1939,0.011111
1939,0
1939,0.011111
1939,0.055556
1939,0.022222
1939,0.022222
1939,0.011111
1942,0
1942,0
1943,0
1945,0
1945,0
1947,0
1948,0
1948,0
1948,0.022222
1951,0
1951,0
1951,0.022222
1951,0
1951,0.011111
1951,0
1951,0
1951,0.155556
1952,0
1952,0
1952,0
1952,0
1952,0.011111
1952,0
1952,0.011111
1952,0.055556
1952,0.022222
1952,0.022222
1952,0.011111
1952,0
1953,0
1958,0
1958,0
1958,0.022222
1958,0
1958,0.011111
1959,0
1959,0
1959,0.011111
1959,0
1959,0.011111
1959,0
1959,0
1959,0.044444
1959,0.011111
1959,0.011111
1959,0.011111
1959,0
1959,0.011111
1959,0
1959,0
1959,0.011111
1959,0.022222
1959,0
1959,0.011111
1959,0
1959,0
1959,0
1959,0
1959,0
1959,0
1959,0.033333
1959,0
1959,0
1959,0
1963,0
1963,0
1963,0.022222
1963,0
1963,0.022222
1963,0
1963,0.022222
1963,0.055556
1963,0.011111
1963,0.022222
1964,0
1964,0
1964,0.011111
1964,0
1964,0
1964,0
1964,0
1964,0.022222
1965,0
1965,0
1965,0
1966,0
1966,0
1966,0.011111
1966,0
1966,0.011111
1966,0
1966,0.033333
1966,0.077778
1966,0.011111
1966,0.011111
1966,0.011111
1966,0
1966,0.011111
1966,0.011111
1966,0
1966,0
1966,0.022222
1966,0
1966,0.011111
1966,0.011111
1966,0
1966,0
1966,0
1966,0
1966,0
1966,0.033333
1966,0
1966,0
1966,0.022222
1966,0
1966,0.011111
1966,0
1966,0.022222
1967,0
1969,0
1969,0
1969,0
1969,0
1970,0
1972,0
1972,0
1972,0
1972,0
1972,0
1973,0
1974,0
1974,0
1974,0
1974,0
1974,0
1974,0
1974,0
1974,0.033333
1974,0
1974,0.011111
1974,0
1974,0
1974,0
1974,0
1974,0
1974,0
1974,0.011111
1974,0
1974,0.022222
1974,0
1974,0
1974,0
1974,0
1974,0
1974,0
1974,0.011111
1975,0
1975,0
1975,0.011111
1975,0
1975,0
1975,0
1975,0
1975,0.055556
1975,0.011111
1975,0.022222
1975,0
1975,0
1975,0
1975,0
1975,0
1975,0.022222
1975,0
1975,0
1975,0.011111
1975,0
1975,0
1975,0
1975,0
1975,0
1975,0
1976,0
1978,0
1978,0
1978,0.011111
1978,0
1978,0
1979,0
1979,0
1980,0
1982,0
1982,0
1982,0.022222
1982,0
1982,0.011111
1982,0
1982,0
1982,0.055556
1982,0.011111
1982,0.033333
1983,0
1985,0
1985,0
1985,0
1987,0
1987,0
1988,0
1990,0
1990,0
1990,0
1990,0
1990,0.011111
1990,0
1990,0.011111
1990,0.044444
1991,0
1993,0
1993,0
1993,0
1993,0
1993,0
1994,0
1995,0
1996,0
1996,0
1996,0
1996,0
1997,0
1997,0
2000,0
2001,0
2001,0
2002,0
2004,0
2004,0
2004,0
2004,0
2004,0
2004,0
2004,0
2004,0.033333
2004,0.011111
2004,0.022222
2004,0
2004,0
2004,0
2005,0
2005,0
2008,0
2008,0
2008,0.022222
2008,0
2008,0.011111
2008,0
2008,0.011111
2008,0.088889
2008,0.022222
2008,0.033333
2009,0
2010,0
2010,0
2010,0.022222
2010,0
2010,0.011111
2011,0
2011,0
2011,0
2011,0
2012,0
2014,0
2015,0
2015,0
2015,0.022222
2015,0
2015,0
2015,0
2015,0
2015,0.077778
2015,0
2015,0.022222
2015,0.011111
2015,0
2015,0.011111
2015,0.011111
2015,0
2015,0.033333
2015,0.011111
2015,0
2015,0.011111
2015,0.022222
2015,0
2015,0
2015,0
2015,0
2015,0
2015,0.011111
2015,0
2017,0
2017,0
2017,0.022222
2018,0
2019,0
2019,0
2019,0
2019,0
2019,0
2019,0
2019,0.011111
2019,0.033333
2019,0
2020,0
2020,0
2020,0.033333
2020,0
2020,0.022222
2020,0
2020,0.011111
2020,0.133333
2020,0.011111
2020,0.022222
2020,0.011111
2020,0
2020,0.011111
2020,0.011111
2020,0
2020,0.033333
2021,0
2021,0
2022,0
2022,0
2022,0.022222
2022,0
2022,0.011111
2022,0
2022,0.022222
2022,0.055555
2022,0.033333
2022,0.044444
2022,0.011111
2022,0
2022,0.011111
2022,0.011111
2022,0
2022,0.022222
2022,0.011111
2022,0
2022,0.011111
2022,0.011111
2022,0
2022,0
2022,0
2022,0
2022,0
2022,0.011111
2022,0
2022,0
2022,0
2022,0
2022,0
2022,0
2022,0.022223
2022,0
2022,0
2022,0
2022,0.011111
2022,0
2022,0
2022,0
2022,0.011111
2022,0
2022,0
2023,0
2023,0
2023,0
2025,0
2026,0
2028,0
2028,0
2028,0.011111
2028,0
2028,0
2028,0
2028,0
2030,0
2031,0
2031,0
2031,0.022222
2031,0
2031,0.011111
2031,0
2031,0.022222
2031,0.077778
2031,0.022222
2031,0.033333
2031,0.011111
2031,0
2031,0.011111
2031,0.011111
2031,0
2031,0.022222
2031,0.022222
2031,0
2031,0.011111
2031,0.022222
2031,0
2031,0
2031,0
2031,0
2031,0
2031,0.011111
2031,0
2031,0
2031,0
2031,0
2031,0
2031,0
2031,0.033333
2031,0
2031,0
2031,0
2031,0.011111
2031,0
2031,0
2031,0
2031,0.011111
2031,0
2031,0
2031,0
2031,0.011111
2031,0.044444
2031,0
2031,0
2031,0
2031,0
2031,0
2031,0.055556
2031,0.033333
2031,0.066667
2031,0.022222
2031,0.055556
2031,0.077778
2031,0.022222
2031,0.077778
2031,0.066667
2031,0
2031,0.033333
2031,0
2031,0.033333
2031,0.022222
2031,0.122222
2031,0.022222
2031,0.088889
2031,0.022222
2032,0
2032,0
2032,0.011111
2032,0
2032,0
2032,0
2033,0
2033,0
2033,0.011111
2033,0
2033,0
2033,0
2034,0
2037,0
2037,0
2037,0.011111
2037,0
2037,0.022222
2037,0
2037,0.022222
2039,0
2039,0
2039,0
2039,0
2039,0
2040,0
2040,0
2040,0.022222
2040,0
2040,0.011111
2042,0
2043,0
2043,0
2043,0.011111
2044,0
2044,0
2044,0
2047,0
2047,0
2047,0
2047,0
2047,0.011111
2047,0
2048,0
2048,0
2048,0.011111
2048,0
2049,0
2049,0
2054,0
2054,0
2054,0.011111
2054,0
2054,0.033333
2054,0
2054,0.044444
2054,0.088889
2054,0.011111
2054,0.022222
2054,0.011111
2055,0
2055,0
2055,0
2056,0
2056,0
2056,0
2056,0
2056,0
2056,0
2056,0
2056,0.022222
2056,0
2056,0.011111
2056,0.011111
2056,0
2056,0
2056,0
2056,0
2056,0
2056,0
2056,0
2056,0
2056,0
2056,0
2056,0
2056,0
2056,0
2056,0
2056,0
2056,0
2056,0
2056,0
2056,0
2056,0.011111
2056,0
2056,0.011111
2056,0
2056,0
2056,0
2059,0
2062,0
2062,0
2062,0
2062,0
2062,0
2062,0
2062,0
2063,0
2063,0
2065,0
2066,0
2067,0
2067,0
2067,0.011111
2067,0
2067,0
2068,0
2069,0
2069,0
2069,0.011111
2069,0
2069,0.011111
2069,0
2069,0.033333
2069,0.066667
2070,0
2070,0
2070,0.011111
2070,0
2070,0
2070,0
2070,0
2070,0.033333
2070,0.011111
2070,0
2071,0
2071,0
2072,0
2072,0
2072,0
2072,0
2072,0
2072,0
2072,0
2072,0.044444
2077,0
2078,0
2078,0
2078,0
2078,0
2078,0.022222
2078,0
2078,0.033333
2078,0.033333
2078,0
2078,0.022222
2078,0
2078,0
2078,0
2078,0
2078,0
2078,0
2078,0.011111
2078,0
2080,0
2080,0
2080,0
2080,0
2080,0
2082,0
2082,0
2085,0
2092,0
2092,0
2092,0.011111
2092,0
2093,0
2094,0
2094,0
2095,0
2095,0
2095,0.022222
2095,0
2095,0.011111
2097,0
2097,0
2097,0.022222
2097,0
2097,0.011111
2097,0
2097,0
2097,0.022222
2097,0.011111
2097,0.022222
2097,0.022222
2097,0
2097,0
2097,0
2097,0
2097,0
2097,0.011111
2097,0
2097,0.011111
2097,0
2097,0
2097,0
2097,0
2097,0
2097,0
2097,0.022222
2097,0
2097,0
2097,0
2097,0
2097,0.022222
2097,0
2097,0
2097,0
2097,0
2097,0
2097,0.011111
2097,0
2097,0
2097,0
2097,0
2097,0
2097,0
2097,0
2097,0.011111
2097,0.033333
2097,0
2097,0
2097,0
2097,0
2100,0
2100,0
2100,0.033333
